--
-- PostgreSQL database dump
--

\restrict 4OOMunhg6jccf2AwiXvUAIAuEbhKUzKSfk9uyzTupTJALQXNJoTf1ExbPfIJOui

-- Dumped from database version 15.15
-- Dumped by pg_dump version 15.15 (Homebrew)

SET statement_timeout = 0;
SET lock_timeout = 0;
SET idle_in_transaction_session_timeout = 0;
SET client_encoding = 'UTF8';
SET standard_conforming_strings = on;
SELECT pg_catalog.set_config('search_path', '', false);
SET check_function_bodies = false;
SET xmloption = content;
SET client_min_messages = warning;
SET row_security = off;

--
-- Data for Name: _prisma_migrations; Type: TABLE DATA; Schema: public; Owner: postgres
--



--
-- Data for Name: users; Type: TABLE DATA; Schema: public; Owner: postgres
--

INSERT INTO public.users (id, email, password, role, status, "firstName", "lastName", phone, avatar, "createdAt", "updatedAt", "lastLogin") VALUES ('20d93535-0196-4ec0-a0ea-2bb5b4e3b462', 'gabrielcabreja@gmail.com', '$2b$10$YKkudKRHtWZuCvu3.Y/T0OeDpHG9Q1re9JSx2oOAqwGW8LL3kJ6bq', 'CLIENT', 'ACTIVE', 'Jose Gabriel', 'Cabreja Marzan', '8099233442', NULL, '2026-01-23 22:52:36.875', '2026-01-23 22:53:10.226', NULL);
INSERT INTO public.users (id, email, password, role, status, "firstName", "lastName", phone, avatar, "createdAt", "updatedAt", "lastLogin") VALUES ('15701caa-0ae0-415b-ba9a-7cf8e817b76b', 'carlos.bodega@example.com', '$2b$10$AlN8GjQYYYNMd2FZp0AQJ.NLO6YtjOYTEFi2LYt/HvCMmA95BO92.', 'BODEGA_OWNER', 'ACTIVE', 'Carlos', 'Rodriguez', '+1-809-555-0101', NULL, '2026-01-23 23:04:06.563', '2026-01-23 23:04:06.563', NULL);
INSERT INTO public.users (id, email, password, role, status, "firstName", "lastName", phone, avatar, "createdAt", "updatedAt", "lastLogin") VALUES ('0ad9a69a-c601-4141-9296-972cad27b2b6', 'jose.bodega@example.com', '$2b$10$AlN8GjQYYYNMd2FZp0AQJ.NLO6YtjOYTEFi2LYt/HvCMmA95BO92.', 'BODEGA_OWNER', 'ACTIVE', 'José', 'Martínez', '+1-809-555-0103', NULL, '2026-01-23 23:04:06.563', '2026-01-23 23:04:06.563', NULL);
INSERT INTO public.users (id, email, password, role, status, "firstName", "lastName", phone, avatar, "createdAt", "updatedAt", "lastLogin") VALUES ('7a5656e7-542d-4130-bcb8-6e767aa28d11', 'roberto.bodega@example.com', '$2b$10$AlN8GjQYYYNMd2FZp0AQJ.NLO6YtjOYTEFi2LYt/HvCMmA95BO92.', 'BODEGA_OWNER', 'ACTIVE', 'Roberto', 'García', '+1-809-555-0105', NULL, '2026-01-23 23:04:06.563', '2026-01-23 23:04:06.563', NULL);
INSERT INTO public.users (id, email, password, role, status, "firstName", "lastName", phone, avatar, "createdAt", "updatedAt", "lastLogin") VALUES ('878aaff3-7fab-4668-bdf9-c1cf8aa4126d', 'ana.bodega@example.com', '$2b$10$AlN8GjQYYYNMd2FZp0AQJ.NLO6YtjOYTEFi2LYt/HvCMmA95BO92.', 'BODEGA_OWNER', 'ACTIVE', 'Ana', 'Pérez', '+1-809-555-0104', NULL, '2026-01-23 23:04:06.563', '2026-01-23 23:04:06.563', NULL);
INSERT INTO public.users (id, email, password, role, status, "firstName", "lastName", phone, avatar, "createdAt", "updatedAt", "lastLogin") VALUES ('1a9671fb-3abc-4316-9082-c115359ca89e', 'maria.bodega@example.com', '$2b$10$AlN8GjQYYYNMd2FZp0AQJ.NLO6YtjOYTEFi2LYt/HvCMmA95BO92.', 'BODEGA_OWNER', 'ACTIVE', 'María', 'Santos', '+1-809-555-0102', NULL, '2026-01-23 23:04:06.563', '2026-01-23 23:04:06.563', NULL);


--
-- Data for Name: clients; Type: TABLE DATA; Schema: public; Owner: postgres
--

INSERT INTO public.clients (id, "userId", "createdAt", "updatedAt", "defaultPaymentMethodId", "stripeCustomerId") VALUES ('85d9b504-b410-4832-bd5e-f71a5883063b', '20d93535-0196-4ec0-a0ea-2bb5b4e3b462', '2026-01-23 22:52:36.883', '2026-01-23 23:16:41.3', NULL, 'cus_TqamjQjJfT0AFx');


--
-- Data for Name: addresses; Type: TABLE DATA; Schema: public; Owner: postgres
--

INSERT INTO public.addresses (id, "clientId", label, street, city, state, "zipCode", country, latitude, longitude, instructions, "isDefault", "createdAt", "updatedAt") VALUES ('320cc7ae-fa08-4305-8eb3-f7c869a3ebb8', '85d9b504-b410-4832-bd5e-f71a5883063b', 'Gazcue Apto', 'Juan Sanchez Ramirez 16', 'Santo Domingo', 'Distrito Nacional', '10204', 'USA', 18.4522783, -69.9454567, 'Donde esta la sastreria', false, '2026-01-23 23:14:15.613', '2026-01-24 00:35:35.804');
INSERT INTO public.addresses (id, "clientId", label, street, city, state, "zipCode", country, latitude, longitude, instructions, "isDefault", "createdAt", "updatedAt") VALUES ('eaafecb2-dbbd-4bba-96e7-c0f14d1b8b0a', '85d9b504-b410-4832-bd5e-f71a5883063b', 'Apto Bella Vista', 'Defillo #1', 'Distrito Nacional', 'Santo Domingo', '10112', 'USA', 18.45223931374183, -69.94552878436727, NULL, true, '2026-01-23 23:15:53.265', '2026-01-24 00:35:35.81');


--
-- Data for Name: bodega_owners; Type: TABLE DATA; Schema: public; Owner: postgres
--

INSERT INTO public.bodega_owners (id, "userId", "businessName", "taxId", "paypalEmail", "bankAccount", "createdAt", "updatedAt") VALUES ('f827cc52-84ac-4d1d-9e3f-924f1c8b5ebd', '0ad9a69a-c601-4141-9296-972cad27b2b6', 'Bodega José', 'RNC-100000002', NULL, NULL, '2026-01-23 23:04:06.57', '2026-01-23 23:04:06.57');
INSERT INTO public.bodega_owners (id, "userId", "businessName", "taxId", "paypalEmail", "bankAccount", "createdAt", "updatedAt") VALUES ('79751711-eea7-47c6-a2a0-1bde0f56a49d', '1a9671fb-3abc-4316-9082-c115359ca89e', 'Bodega María', 'RNC-100000001', NULL, NULL, '2026-01-23 23:04:06.57', '2026-01-23 23:04:06.57');
INSERT INTO public.bodega_owners (id, "userId", "businessName", "taxId", "paypalEmail", "bankAccount", "createdAt", "updatedAt") VALUES ('cf539adb-9831-4cab-802a-6c0ec7344a0e', '15701caa-0ae0-415b-ba9a-7cf8e817b76b', 'Bodega Carlos', 'RNC-100000000', NULL, NULL, '2026-01-23 23:04:06.57', '2026-01-23 23:04:06.57');
INSERT INTO public.bodega_owners (id, "userId", "businessName", "taxId", "paypalEmail", "bankAccount", "createdAt", "updatedAt") VALUES ('fd491160-4c11-4a09-8407-3c2abecaea1b', '7a5656e7-542d-4130-bcb8-6e767aa28d11', 'Bodega Roberto', 'RNC-100000004', NULL, NULL, '2026-01-23 23:04:06.57', '2026-01-23 23:04:06.57');
INSERT INTO public.bodega_owners (id, "userId", "businessName", "taxId", "paypalEmail", "bankAccount", "createdAt", "updatedAt") VALUES ('00faa939-a080-4697-8000-8511dc46f14d', '878aaff3-7fab-4668-bdf9-c1cf8aa4126d', 'Bodega Ana', 'RNC-100000003', NULL, NULL, '2026-01-23 23:04:06.57', '2026-01-23 23:04:06.57');


--
-- Data for Name: bodegas; Type: TABLE DATA; Schema: public; Owner: postgres
--

INSERT INTO public.bodegas (id, "ownerId", name, description, phone, email, street, city, state, "zipCode", country, latitude, longitude, "openingTime", "closingTime", "isOpen", logo, banner, photos, rating, "totalReviews", "totalOrders", "createdAt", "updatedAt", "avgPrepTimeMinutes") VALUES ('e789a18d-06ff-4a1c-b5f5-253dab4c4057', 'fd491160-4c11-4a09-8407-3c2abecaea1b', 'Bodega El Progreso', 'Más de 20 años sirviendo a la comunidad. Carnicería y productos frescos.', '+1-809-555-5183', NULL, 'Calle José Contreras #89', 'Santo Domingo', 'Distrito Nacional', '10105', 'Dominican Republic', 18.4823, -69.9178, '07:00', '22:00', true, NULL, NULL, NULL, 3.6, 0, 0, '2026-01-23 23:04:06.582', '2026-01-23 23:04:06.582', 21);
INSERT INTO public.bodegas (id, "ownerId", name, description, phone, email, street, city, state, "zipCode", country, latitude, longitude, "openingTime", "closingTime", "isOpen", logo, banner, photos, rating, "totalReviews", "totalOrders", "createdAt", "updatedAt", "avgPrepTimeMinutes") VALUES ('8769bc63-bbc1-4c3a-b0a8-cc3771855f88', '79751711-eea7-47c6-a2a0-1bde0f56a49d', 'Super Colmado Tropical', 'Especialistas en bebidas frías y snacks. El mejor ambiente del barrio.', '+1-809-555-4537', NULL, 'Calle Las Mercedes #56', 'Santo Domingo', 'Distrito Nacional', '10107', 'Dominican Republic', 18.4912, -69.9045, '07:00', '22:00', true, NULL, NULL, NULL, 4.4, 0, 0, '2026-01-23 23:04:06.582', '2026-01-23 23:04:06.582', 21);
INSERT INTO public.bodegas (id, "ownerId", name, description, phone, email, street, city, state, "zipCode", country, latitude, longitude, "openingTime", "closingTime", "isOpen", logo, banner, photos, rating, "totalReviews", "totalOrders", "createdAt", "updatedAt", "avgPrepTimeMinutes") VALUES ('a67acb11-3260-4f04-9d0b-3a817e02277a', 'f827cc52-84ac-4d1d-9e3f-924f1c8b5ebd', 'La Bodeguita del Centro', 'En el corazón de la zona colonial. Productos dominicanos y artesanales.', '+1-809-555-7953', NULL, 'Calle Arzobispo Meriño #12', 'Santo Domingo', 'Distrito Nacional', '10108', 'Dominican Republic', 18.4734, -69.8823, '07:00', '22:00', true, NULL, NULL, NULL, 4, 0, 0, '2026-01-23 23:04:06.582', '2026-01-23 23:04:06.582', 13);
INSERT INTO public.bodegas (id, "ownerId", name, description, phone, email, street, city, state, "zipCode", country, latitude, longitude, "openingTime", "closingTime", "isOpen", logo, banner, photos, rating, "totalReviews", "totalOrders", "createdAt", "updatedAt", "avgPrepTimeMinutes") VALUES ('72ce0b31-0d3d-4fee-84a0-f0e44cb50290', 'cf539adb-9831-4cab-802a-6c0ec7344a0e', 'Colmado Hermanos Díaz', 'Atención personalizada y los mejores productos del mercado.', '+1-809-555-2352', NULL, 'Av. Máximo Gómez #234', 'Santo Domingo', 'Distrito Nacional', '10106', 'Dominican Republic', 18.4789, -69.9234, '07:00', '22:00', true, NULL, NULL, NULL, 4, 0, 0, '2026-01-23 23:04:06.582', '2026-01-23 23:04:06.582', 11);
INSERT INTO public.bodegas (id, "ownerId", name, description, phone, email, street, city, state, "zipCode", country, latitude, longitude, "openingTime", "closingTime", "isOpen", logo, banner, photos, rating, "totalReviews", "totalOrders", "createdAt", "updatedAt", "avgPrepTimeMinutes") VALUES ('f41159af-9295-4944-b7df-ce7c03f9f488', 'fd491160-4c11-4a09-8407-3c2abecaea1b', 'Supermercado Los Alcarrizos', 'El más grande de la zona. Parqueo disponible. Ofertas semanales.', '+1-809-555-9995', NULL, 'Calle Principal #100', 'Los Alcarrizos', 'Santo Domingo Oeste', '10301', 'Dominican Republic', 18.5156, -70.0123, '07:00', '22:00', true, NULL, NULL, NULL, 4, 0, 0, '2026-01-23 23:04:06.583', '2026-01-23 23:04:06.583', 20);
INSERT INTO public.bodegas (id, "ownerId", name, description, phone, email, street, city, state, "zipCode", country, latitude, longitude, "openingTime", "closingTime", "isOpen", logo, banner, photos, rating, "totalReviews", "totalOrders", "createdAt", "updatedAt", "avgPrepTimeMinutes") VALUES ('c471d8aa-d02a-44ff-9d1e-50dd4012c903', '00faa939-a080-4697-8000-8511dc46f14d', 'Mini Market Los Pinos', 'Todo lo que necesitas en un solo lugar. Precios especiales para mayoristas.', '+1-809-555-7548', NULL, 'Av. Winston Churchill #456', 'Santo Domingo', 'Distrito Nacional', '10104', 'Dominican Republic', 18.4687, -69.9456, '07:00', '22:00', true, NULL, NULL, NULL, 3.8, 0, 0, '2026-01-23 23:04:06.582', '2026-01-23 23:04:06.582', 11);
INSERT INTO public.bodegas (id, "ownerId", name, description, phone, email, street, city, state, "zipCode", country, latitude, longitude, "openingTime", "closingTime", "isOpen", logo, banner, photos, rating, "totalReviews", "totalOrders", "createdAt", "updatedAt", "avgPrepTimeMinutes") VALUES ('f5281d3d-5bf4-479c-a5c1-581794e3ba1f', 'cf539adb-9831-4cab-802a-6c0ec7344a0e', 'Colmado El Rincón Criollo', 'Tu colmado de confianza con los mejores precios del barrio. Abierto todos los días.', '+1-809-555-8245', NULL, 'Calle Duarte #45', 'Santo Domingo', 'Distrito Nacional', '10101', 'Dominican Republic', 18.4861, -69.9312, '07:00', '22:00', true, NULL, NULL, NULL, 4.7, 0, 0, '2026-01-23 23:04:06.582', '2026-01-23 23:04:06.582', 22);
INSERT INTO public.bodegas (id, "ownerId", name, description, phone, email, street, city, state, "zipCode", country, latitude, longitude, "openingTime", "closingTime", "isOpen", logo, banner, photos, rating, "totalReviews", "totalOrders", "createdAt", "updatedAt", "avgPrepTimeMinutes") VALUES ('d6c96985-35cf-4a9f-bb7b-6faef9b3600d', '00faa939-a080-4697-8000-8511dc46f14d', 'Colmado Villa Mella Express', 'Servicio rápido y eficiente. Abiertos hasta tarde.', '+1-809-555-8454', NULL, 'Av. Hermanas Mirabal #567', 'Santo Domingo Norte', 'Santo Domingo', '10201', 'Dominican Republic', 18.5234, -69.8987, '07:00', '22:00', true, NULL, NULL, NULL, 3.9, 0, 0, '2026-01-23 23:04:06.583', '2026-01-23 23:04:06.583', 14);
INSERT INTO public.bodegas (id, "ownerId", name, description, phone, email, street, city, state, "zipCode", country, latitude, longitude, "openingTime", "closingTime", "isOpen", logo, banner, photos, rating, "totalReviews", "totalOrders", "createdAt", "updatedAt", "avgPrepTimeMinutes") VALUES ('73a8719c-2b2f-4b83-9ef5-c65cf115bc49', 'f827cc52-84ac-4d1d-9e3f-924f1c8b5ebd', 'Colmado La Esquina', 'El colmado más surtido de la zona. Frutas frescas todos los días.', '+1-809-555-8569', NULL, 'Calle El Conde #78', 'Santo Domingo', 'Distrito Nacional', '10103', 'Dominican Republic', 18.4722, -69.8856, '07:00', '22:00', true, NULL, NULL, NULL, 4.6, 0, 0, '2026-01-23 23:04:06.582', '2026-01-23 23:04:06.582', 23);
INSERT INTO public.bodegas (id, "ownerId", name, description, phone, email, street, city, state, "zipCode", country, latitude, longitude, "openingTime", "closingTime", "isOpen", logo, banner, photos, rating, "totalReviews", "totalOrders", "createdAt", "updatedAt", "avgPrepTimeMinutes") VALUES ('317eda51-6a42-47fb-b77c-337f7d714631', '79751711-eea7-47c6-a2a0-1bde0f56a49d', 'Supermercado Don Fello', 'Gran variedad de productos frescos y de primera calidad. Servicio a domicilio disponible.', '+1-809-555-5019', NULL, 'Av. 27 de Febrero #123', 'Santo Domingo', 'Distrito Nacional', '10102', 'Dominican Republic', 18.4595, -69.9387, '07:00', '22:00', true, NULL, NULL, NULL, 4.8, 0, 0, '2026-01-23 23:04:06.582', '2026-01-23 23:04:06.582', 13);


--
-- Data for Name: categories; Type: TABLE DATA; Schema: public; Owner: postgres
--

INSERT INTO public.categories (id, name, description, "imageUrl", "createdAt", "updatedAt") VALUES ('3bad57ea-c4ce-4d46-80ae-f117164cd249', 'Other', 'other', 'https://cdn-icons-png.flaticon.com/512/1261/1261163.png', '2026-01-23 22:50:33.406', '2026-01-23 22:50:33.406');
INSERT INTO public.categories (id, name, description, "imageUrl", "createdAt", "updatedAt") VALUES ('a779e13a-36c8-497e-8408-efe3b6f52ef7', 'Alcohol', 'alcohol', 'https://cdn-icons-png.flaticon.com/512/920/920582.png', '2026-01-23 23:04:06.472', '2026-01-23 23:04:06.472');
INSERT INTO public.categories (id, name, description, "imageUrl", "createdAt", "updatedAt") VALUES ('a49aa7c6-8820-4a49-9ddf-52d634e82a2d', 'Pastas', 'pastas', 'https://cdn-icons-png.flaticon.com/512/3480/3480538.png', '2026-01-23 23:04:06.472', '2026-01-23 23:04:06.472');
INSERT INTO public.categories (id, name, description, "imageUrl", "createdAt", "updatedAt") VALUES ('363e5d78-da2c-43b9-9865-2f23da5e2bbe', 'Bebidas', 'bebidas', 'https://cdn-icons-png.flaticon.com/512/3050/3050131.png', '2026-01-23 23:04:06.472', '2026-01-23 23:04:06.472');
INSERT INTO public.categories (id, name, description, "imageUrl", "createdAt", "updatedAt") VALUES ('d5cc5024-b189-4ed6-831f-86b84a0147e3', 'Higiene Personal', 'higiene', 'https://cdn-icons-png.flaticon.com/512/2553/2553635.png', '2026-01-23 23:04:06.472', '2026-01-23 23:04:06.472');
INSERT INTO public.categories (id, name, description, "imageUrl", "createdAt", "updatedAt") VALUES ('50d4b344-d866-4806-8cd4-f764c8600edc', 'Carnes y Embutidos', 'carnes', 'https://cdn-icons-png.flaticon.com/512/3143/3143643.png', '2026-01-23 23:04:06.472', '2026-01-23 23:04:06.472');
INSERT INTO public.categories (id, name, description, "imageUrl", "createdAt", "updatedAt") VALUES ('97fbbb4f-724e-4872-9fae-426a19693b9c', 'Snacks y Golosinas', 'snacks', 'https://cdn-icons-png.flaticon.com/512/2553/2553691.png', '2026-01-23 23:04:06.472', '2026-01-23 23:04:06.472');
INSERT INTO public.categories (id, name, description, "imageUrl", "createdAt", "updatedAt") VALUES ('7288579e-ab56-4bf2-a520-0a236e7b5279', 'Arroz y Granos', 'arroz', 'https://cdn-icons-png.flaticon.com/512/3480/3480618.png', '2026-01-23 23:04:06.472', '2026-01-23 23:04:06.472');
INSERT INTO public.categories (id, name, description, "imageUrl", "createdAt", "updatedAt") VALUES ('297422a4-5a6a-4b16-924d-da3e247d81fe', 'Enlatados', 'enlatados', 'https://cdn-icons-png.flaticon.com/512/3480/3480709.png', '2026-01-23 23:04:06.472', '2026-01-23 23:04:06.472');
INSERT INTO public.categories (id, name, description, "imageUrl", "createdAt", "updatedAt") VALUES ('703fe3cb-35a5-46a9-83bd-16bf2741a3e9', 'Detergentes y Limpieza', 'detergentes', 'https://cdn-icons-png.flaticon.com/512/2989/2989849.png', '2026-01-23 23:04:06.472', '2026-01-23 23:04:06.472');
INSERT INTO public.categories (id, name, description, "imageUrl", "createdAt", "updatedAt") VALUES ('bd4f1ba4-21ef-44e4-8b11-4518c2684304', 'Frutas y Verduras', 'frutas', 'https://cdn-icons-png.flaticon.com/512/1625/1625048.png', '2026-01-23 23:04:06.472', '2026-01-23 23:04:06.472');
INSERT INTO public.categories (id, name, description, "imageUrl", "createdAt", "updatedAt") VALUES ('ba00d1d4-dbc2-4606-9cfb-178621ee7062', 'Panadería', 'panaderia', 'https://cdn-icons-png.flaticon.com/512/3014/3014986.png', '2026-01-23 23:04:06.472', '2026-01-23 23:04:06.472');
INSERT INTO public.categories (id, name, description, "imageUrl", "createdAt", "updatedAt") VALUES ('734450ad-2e08-4a6b-b67a-de4cb4df5809', 'Lácteos', 'lacteos', 'https://cdn-icons-png.flaticon.com/512/3050/3050158.png', '2026-01-23 23:04:06.472', '2026-01-23 23:04:06.472');


--
-- Data for Name: delivery_persons; Type: TABLE DATA; Schema: public; Owner: postgres
--



--
-- Data for Name: deliveries; Type: TABLE DATA; Schema: public; Owner: postgres
--



--
-- Data for Name: email_otps; Type: TABLE DATA; Schema: public; Owner: postgres
--

INSERT INTO public.email_otps (id, email, code, "expiresAt", verified, "createdAt") VALUES ('4cfd95b0-06cd-4408-bda0-dbde2b148c12', 'gabrielcabreja@gmail.com', '520956', '2026-01-23 23:02:36.893', true, '2026-01-23 22:52:36.894');


--
-- Data for Name: favorites; Type: TABLE DATA; Schema: public; Owner: postgres
--



--
-- Data for Name: notifications; Type: TABLE DATA; Schema: public; Owner: postgres
--



--
-- Data for Name: orders; Type: TABLE DATA; Schema: public; Owner: postgres
--

INSERT INTO public.orders (id, "orderNumber", "clientId", "bodegaId", "deliveryId", "addressId", status, subtotal, "deliveryFee", tax, discount, total, "specialInstructions", "cancellationReason", "createdAt", "updatedAt", "acceptedAt", "completedAt", "cancelledAt") VALUES ('19136df1-249b-4306-93bc-2b860f74d011', 'ORD-1769210224978-6OHAKB', '85d9b504-b410-4832-bd5e-f71a5883063b', '73a8719c-2b2f-4b83-9ef5-c65cf115bc49', NULL, '320cc7ae-fa08-4305-8eb3-f7c869a3ebb8', 'PLACED', 8.58, 2.99, 0.6864, 0, 12.2564, NULL, NULL, '2026-01-23 23:17:04.979', '2026-01-23 23:17:04.979', NULL, NULL, NULL);
INSERT INTO public.orders (id, "orderNumber", "clientId", "bodegaId", "deliveryId", "addressId", status, subtotal, "deliveryFee", tax, discount, total, "specialInstructions", "cancellationReason", "createdAt", "updatedAt", "acceptedAt", "completedAt", "cancelledAt") VALUES ('55de97ab-fb3d-4cf2-88d2-c9e7e7b2a9cd', 'ORD-1769211655299-S24Z8H', '85d9b504-b410-4832-bd5e-f71a5883063b', '317eda51-6a42-47fb-b77c-337f7d714631', NULL, '320cc7ae-fa08-4305-8eb3-f7c869a3ebb8', 'PLACED', 10.09, 2.99, 0.8072, 0, 13.8872, NULL, NULL, '2026-01-23 23:40:55.3', '2026-01-23 23:40:55.3', NULL, NULL, NULL);
INSERT INTO public.orders (id, "orderNumber", "clientId", "bodegaId", "deliveryId", "addressId", status, subtotal, "deliveryFee", tax, discount, total, "specialInstructions", "cancellationReason", "createdAt", "updatedAt", "acceptedAt", "completedAt", "cancelledAt") VALUES ('459ae8a4-83c5-4383-a212-5b4c185af3e6', 'ORD-1769211940915-C2SC1', '85d9b504-b410-4832-bd5e-f71a5883063b', '72ce0b31-0d3d-4fee-84a0-f0e44cb50290', NULL, '320cc7ae-fa08-4305-8eb3-f7c869a3ebb8', 'PLACED', 4.17, 2.99, 0.3336, 0, 7.4936, NULL, NULL, '2026-01-23 23:45:40.916', '2026-01-23 23:45:40.916', NULL, NULL, NULL);
INSERT INTO public.orders (id, "orderNumber", "clientId", "bodegaId", "deliveryId", "addressId", status, subtotal, "deliveryFee", tax, discount, total, "specialInstructions", "cancellationReason", "createdAt", "updatedAt", "acceptedAt", "completedAt", "cancelledAt") VALUES ('00f6fa48-0170-442d-b90c-f68341cf455c', 'ORD-1769212627210-2N0254', '85d9b504-b410-4832-bd5e-f71a5883063b', '317eda51-6a42-47fb-b77c-337f7d714631', NULL, '320cc7ae-fa08-4305-8eb3-f7c869a3ebb8', 'PLACED', 10.13, 2.99, 0.8104000000000001, 0, 13.9304, NULL, NULL, '2026-01-23 23:57:07.211', '2026-01-23 23:57:07.211', NULL, NULL, NULL);
INSERT INTO public.orders (id, "orderNumber", "clientId", "bodegaId", "deliveryId", "addressId", status, subtotal, "deliveryFee", tax, discount, total, "specialInstructions", "cancellationReason", "createdAt", "updatedAt", "acceptedAt", "completedAt", "cancelledAt") VALUES ('cc2fda68-07f9-4eae-96b6-eec269237105', 'ORD-1769213035593-7G1149', '85d9b504-b410-4832-bd5e-f71a5883063b', 'd6c96985-35cf-4a9f-bb7b-6faef9b3600d', NULL, '320cc7ae-fa08-4305-8eb3-f7c869a3ebb8', 'PLACED', 10.83, 2.99, 0.8664000000000001, 0, 14.6864, NULL, NULL, '2026-01-24 00:03:55.594', '2026-01-24 00:03:55.594', NULL, NULL, NULL);
INSERT INTO public.orders (id, "orderNumber", "clientId", "bodegaId", "deliveryId", "addressId", status, subtotal, "deliveryFee", tax, discount, total, "specialInstructions", "cancellationReason", "createdAt", "updatedAt", "acceptedAt", "completedAt", "cancelledAt") VALUES ('a29dd28f-443c-4dee-ba87-ebd578f1a41a', 'ORD-1769214987379-LUA5S4', '85d9b504-b410-4832-bd5e-f71a5883063b', '317eda51-6a42-47fb-b77c-337f7d714631', NULL, 'eaafecb2-dbbd-4bba-96e7-c0f14d1b8b0a', 'PLACED', 16.37, 2.99, 1.3096, 0, 20.6696, NULL, NULL, '2026-01-24 00:36:27.379', '2026-01-24 00:36:27.379', NULL, NULL, NULL);
INSERT INTO public.orders (id, "orderNumber", "clientId", "bodegaId", "deliveryId", "addressId", status, subtotal, "deliveryFee", tax, discount, total, "specialInstructions", "cancellationReason", "createdAt", "updatedAt", "acceptedAt", "completedAt", "cancelledAt") VALUES ('08b08f6b-3225-4c22-8353-b5ef37618d9b', 'ORD-1770083073622-49UHVR', '85d9b504-b410-4832-bd5e-f71a5883063b', '317eda51-6a42-47fb-b77c-337f7d714631', NULL, 'eaafecb2-dbbd-4bba-96e7-c0f14d1b8b0a', 'PLACED', 11.98, 2.99, 0.9584, 0, 15.9284, NULL, NULL, '2026-02-03 01:44:33.623', '2026-02-03 01:44:33.623', NULL, NULL, NULL);


--
-- Data for Name: products; Type: TABLE DATA; Schema: public; Owner: postgres
--

INSERT INTO public.products (id, "bodegaId", name, description, subcategory, price, "discountPrice", stock, "isAvailable", images, unit, weight, "createdAt", "updatedAt", "categoryId") VALUES ('f212afb4-58fc-4e00-838a-cdc64d6c252d', 'f5281d3d-5bf4-479c-a5c1-581794e3ba1f', 'Bizcocho Dominicano', 'Bizcocho Dominicano disponible en Colmado El Rincón Criollo', NULL, 9.8, NULL, 82, true, NULL, NULL, NULL, '2026-01-23 23:04:06.589', '2026-01-23 23:04:06.589', 'ba00d1d4-dbc2-4606-9cfb-178621ee7062');
INSERT INTO public.products (id, "bodegaId", name, description, subcategory, price, "discountPrice", stock, "isAvailable", images, unit, weight, "createdAt", "updatedAt", "categoryId") VALUES ('289c7ab0-b4ea-4635-ad88-c2c8d7e443d1', 'f5281d3d-5bf4-479c-a5c1-581794e3ba1f', 'Donas (6)', 'Donas (6) disponible en Colmado El Rincón Criollo', NULL, 4.44, NULL, 23, true, NULL, NULL, NULL, '2026-01-23 23:04:06.592', '2026-01-23 23:04:06.592', 'ba00d1d4-dbc2-4606-9cfb-178621ee7062');
INSERT INTO public.products (id, "bodegaId", name, description, subcategory, price, "discountPrice", stock, "isAvailable", images, unit, weight, "createdAt", "updatedAt", "categoryId") VALUES ('822c5ef1-e1b3-4344-90e9-e4805bfa493b', 'f5281d3d-5bf4-479c-a5c1-581794e3ba1f', 'Croissants (4)', 'Croissants (4) disponible en Colmado El Rincón Criollo', NULL, 6.26, NULL, 55, false, NULL, NULL, NULL, '2026-01-23 23:04:06.593', '2026-01-23 23:04:06.593', 'ba00d1d4-dbc2-4606-9cfb-178621ee7062');
INSERT INTO public.products (id, "bodegaId", name, description, subcategory, price, "discountPrice", stock, "isAvailable", images, unit, weight, "createdAt", "updatedAt", "categoryId") VALUES ('34195daf-4365-45fc-84e6-25a34a37973d', 'f5281d3d-5bf4-479c-a5c1-581794e3ba1f', 'Pan Sobao', 'Pan Sobao disponible en Colmado El Rincón Criollo', NULL, 2.19, NULL, 54, true, NULL, NULL, NULL, '2026-01-23 23:04:06.594', '2026-01-23 23:04:06.594', 'ba00d1d4-dbc2-4606-9cfb-178621ee7062');
INSERT INTO public.products (id, "bodegaId", name, description, subcategory, price, "discountPrice", stock, "isAvailable", images, unit, weight, "createdAt", "updatedAt", "categoryId") VALUES ('31d54a97-42e7-4dcc-b407-5ede23b99863', 'f5281d3d-5bf4-479c-a5c1-581794e3ba1f', 'Pasta Dental Colgate', 'Pasta Dental Colgate disponible en Colmado El Rincón Criollo', NULL, 3.68, NULL, 92, false, NULL, NULL, NULL, '2026-01-23 23:04:06.596', '2026-01-23 23:04:06.596', 'd5cc5024-b189-4ed6-831f-86b84a0147e3');
INSERT INTO public.products (id, "bodegaId", name, description, subcategory, price, "discountPrice", stock, "isAvailable", images, unit, weight, "createdAt", "updatedAt", "categoryId") VALUES ('b6168c6c-fc53-49da-b92f-1c1dff2a0450', 'f5281d3d-5bf4-479c-a5c1-581794e3ba1f', 'Jabón Palmolive', 'Jabón Palmolive disponible en Colmado El Rincón Criollo', NULL, 2.22, NULL, 134, true, NULL, NULL, NULL, '2026-01-23 23:04:06.597', '2026-01-23 23:04:06.597', 'd5cc5024-b189-4ed6-831f-86b84a0147e3');
INSERT INTO public.products (id, "bodegaId", name, description, subcategory, price, "discountPrice", stock, "isAvailable", images, unit, weight, "createdAt", "updatedAt", "categoryId") VALUES ('12997497-eec7-45e5-9278-d729a50eb879', 'f5281d3d-5bf4-479c-a5c1-581794e3ba1f', 'Agua Crystal 1gal', 'Agua Crystal 1gal disponible en Colmado El Rincón Criollo', NULL, 1.49, NULL, 154, true, NULL, NULL, NULL, '2026-01-23 23:04:06.599', '2026-01-23 23:04:06.599', '363e5d78-da2c-43b9-9865-2f23da5e2bbe');
INSERT INTO public.products (id, "bodegaId", name, description, subcategory, price, "discountPrice", stock, "isAvailable", images, unit, weight, "createdAt", "updatedAt", "categoryId") VALUES ('d6dfe1f0-e70e-4949-a7b7-201ed24983d6', 'f5281d3d-5bf4-479c-a5c1-581794e3ba1f', 'Refresco de Limón', 'Refresco de Limón disponible en Colmado El Rincón Criollo', NULL, 2.16, NULL, 120, true, NULL, NULL, NULL, '2026-01-23 23:04:06.6', '2026-01-23 23:04:06.6', '363e5d78-da2c-43b9-9865-2f23da5e2bbe');
INSERT INTO public.products (id, "bodegaId", name, description, subcategory, price, "discountPrice", stock, "isAvailable", images, unit, weight, "createdAt", "updatedAt", "categoryId") VALUES ('3edee29c-a968-4545-8dee-41df59007f6b', 'f5281d3d-5bf4-479c-a5c1-581794e3ba1f', 'Red Bull', 'Red Bull disponible en Colmado El Rincón Criollo', NULL, 4.07, NULL, 92, true, NULL, NULL, NULL, '2026-01-23 23:04:06.601', '2026-01-23 23:04:06.601', '363e5d78-da2c-43b9-9865-2f23da5e2bbe');
INSERT INTO public.products (id, "bodegaId", name, description, subcategory, price, "discountPrice", stock, "isAvailable", images, unit, weight, "createdAt", "updatedAt", "categoryId") VALUES ('e7b017bd-c13c-49b9-adae-588d3591b2c0', 'f5281d3d-5bf4-479c-a5c1-581794e3ba1f', 'Cerveza Bohemia', 'Cerveza Bohemia disponible en Colmado El Rincón Criollo', NULL, 2.4, NULL, 129, true, NULL, NULL, NULL, '2026-01-23 23:04:06.602', '2026-01-23 23:04:06.602', 'a779e13a-36c8-497e-8408-efe3b6f52ef7');
INSERT INTO public.products (id, "bodegaId", name, description, subcategory, price, "discountPrice", stock, "isAvailable", images, unit, weight, "createdAt", "updatedAt", "categoryId") VALUES ('7779f5d3-0cf7-4574-999f-1d0ef418ca31', 'f5281d3d-5bf4-479c-a5c1-581794e3ba1f', 'Ron Barceló Añejo', 'Ron Barceló Añejo disponible en Colmado El Rincón Criollo', NULL, 21.02, NULL, 148, true, NULL, NULL, NULL, '2026-01-23 23:04:06.603', '2026-01-23 23:04:06.603', 'a779e13a-36c8-497e-8408-efe3b6f52ef7');
INSERT INTO public.products (id, "bodegaId", name, description, subcategory, price, "discountPrice", stock, "isAvailable", images, unit, weight, "createdAt", "updatedAt", "categoryId") VALUES ('b0205a41-a35a-425b-967e-6e99673d46db', 'f5281d3d-5bf4-479c-a5c1-581794e3ba1f', 'Cerveza Presidente', 'Cerveza Presidente disponible en Colmado El Rincón Criollo', NULL, 2.84, NULL, 65, false, NULL, NULL, NULL, '2026-01-23 23:04:06.604', '2026-01-23 23:04:06.604', 'a779e13a-36c8-497e-8408-efe3b6f52ef7');
INSERT INTO public.products (id, "bodegaId", name, description, subcategory, price, "discountPrice", stock, "isAvailable", images, unit, weight, "createdAt", "updatedAt", "categoryId") VALUES ('8e721e1f-051a-499a-828d-53579fd54341', 'f5281d3d-5bf4-479c-a5c1-581794e3ba1f', 'Ron Brugal Extra Viejo', 'Ron Brugal Extra Viejo disponible en Colmado El Rincón Criollo', NULL, 19.78, NULL, 39, true, NULL, NULL, NULL, '2026-01-23 23:04:06.606', '2026-01-23 23:04:06.606', 'a779e13a-36c8-497e-8408-efe3b6f52ef7');
INSERT INTO public.products (id, "bodegaId", name, description, subcategory, price, "discountPrice", stock, "isAvailable", images, unit, weight, "createdAt", "updatedAt", "categoryId") VALUES ('81270390-91f6-4c8f-86e3-496f9a8d85cb', 'f5281d3d-5bf4-479c-a5c1-581794e3ba1f', 'Fideos Chinos', 'Fideos Chinos disponible en Colmado El Rincón Criollo', NULL, 2.7, NULL, 33, true, NULL, NULL, NULL, '2026-01-23 23:04:06.607', '2026-01-23 23:04:06.607', 'a49aa7c6-8820-4a49-9ddf-52d634e82a2d');
INSERT INTO public.products (id, "bodegaId", name, description, subcategory, price, "discountPrice", stock, "isAvailable", images, unit, weight, "createdAt", "updatedAt", "categoryId") VALUES ('8148e8af-e238-4efd-aeb1-564cbfbdf448', 'f5281d3d-5bf4-479c-a5c1-581794e3ba1f', 'Lasaña Barilla', 'Lasaña Barilla disponible en Colmado El Rincón Criollo', NULL, 4.76, NULL, 121, true, NULL, NULL, NULL, '2026-01-23 23:04:06.608', '2026-01-23 23:04:06.608', 'a49aa7c6-8820-4a49-9ddf-52d634e82a2d');
INSERT INTO public.products (id, "bodegaId", name, description, subcategory, price, "discountPrice", stock, "isAvailable", images, unit, weight, "createdAt", "updatedAt", "categoryId") VALUES ('60bc1d28-c4fd-4f5d-9fed-67f31c56b76a', 'f5281d3d-5bf4-479c-a5c1-581794e3ba1f', 'Pasta Barilla Spaghetti', 'Pasta Barilla Spaghetti disponible en Colmado El Rincón Criollo', NULL, 3.08, NULL, 74, true, NULL, NULL, NULL, '2026-01-23 23:04:06.609', '2026-01-23 23:04:06.609', 'a49aa7c6-8820-4a49-9ddf-52d634e82a2d');
INSERT INTO public.products (id, "bodegaId", name, description, subcategory, price, "discountPrice", stock, "isAvailable", images, unit, weight, "createdAt", "updatedAt", "categoryId") VALUES ('34a905af-5c9d-4fa5-bbf5-8fe066bba65f', 'f5281d3d-5bf4-479c-a5c1-581794e3ba1f', 'Caramelos Surtidos', 'Caramelos Surtidos disponible en Colmado El Rincón Criollo', NULL, 0.94, NULL, 49, true, NULL, NULL, NULL, '2026-01-23 23:04:06.61', '2026-01-23 23:04:06.61', '97fbbb4f-724e-4872-9fae-426a19693b9c');
INSERT INTO public.products (id, "bodegaId", name, description, subcategory, price, "discountPrice", stock, "isAvailable", images, unit, weight, "createdAt", "updatedAt", "categoryId") VALUES ('abd1e43a-5439-43da-ad05-cd66d9bb9315', 'f5281d3d-5bf4-479c-a5c1-581794e3ba1f', 'Maní Salado', 'Maní Salado disponible en Colmado El Rincón Criollo', NULL, 1.97, NULL, 138, true, NULL, NULL, NULL, '2026-01-23 23:04:06.612', '2026-01-23 23:04:06.612', '97fbbb4f-724e-4872-9fae-426a19693b9c');
INSERT INTO public.products (id, "bodegaId", name, description, subcategory, price, "discountPrice", stock, "isAvailable", images, unit, weight, "createdAt", "updatedAt", "categoryId") VALUES ('68917b02-60de-4ace-8127-58f041df331f', 'f5281d3d-5bf4-479c-a5c1-581794e3ba1f', 'Tomates lb', 'Tomates lb disponible en Colmado El Rincón Criollo', NULL, 2.31, NULL, 58, false, NULL, NULL, NULL, '2026-01-23 23:04:06.613', '2026-01-23 23:04:06.613', 'bd4f1ba4-21ef-44e4-8b11-4518c2684304');
INSERT INTO public.products (id, "bodegaId", name, description, subcategory, price, "discountPrice", stock, "isAvailable", images, unit, weight, "createdAt", "updatedAt", "categoryId") VALUES ('61136e7f-372c-41a2-b7f8-08b25c9c27e0', 'f5281d3d-5bf4-479c-a5c1-581794e3ba1f', 'Yuca lb', 'Yuca lb disponible en Colmado El Rincón Criollo', NULL, 1.39, NULL, 13, true, NULL, NULL, NULL, '2026-01-23 23:04:06.614', '2026-01-23 23:04:06.614', 'bd4f1ba4-21ef-44e4-8b11-4518c2684304');
INSERT INTO public.products (id, "bodegaId", name, description, subcategory, price, "discountPrice", stock, "isAvailable", images, unit, weight, "createdAt", "updatedAt", "categoryId") VALUES ('0b6bf689-8302-4be5-85db-64f3b37d6eb8', 'f5281d3d-5bf4-479c-a5c1-581794e3ba1f', 'Plátanos Verdes (5)', 'Plátanos Verdes (5) disponible en Colmado El Rincón Criollo', NULL, 2.94, NULL, 129, true, NULL, NULL, NULL, '2026-01-23 23:04:06.617', '2026-01-23 23:04:06.617', 'bd4f1ba4-21ef-44e4-8b11-4518c2684304');
INSERT INTO public.products (id, "bodegaId", name, description, subcategory, price, "discountPrice", stock, "isAvailable", images, unit, weight, "createdAt", "updatedAt", "categoryId") VALUES ('56d6f29f-b654-4d9e-a012-d79b95e891c3', 'f5281d3d-5bf4-479c-a5c1-581794e3ba1f', 'Esponja Scotch-Brite', 'Esponja Scotch-Brite disponible en Colmado El Rincón Criollo', NULL, 2.37, NULL, 106, true, NULL, NULL, NULL, '2026-01-23 23:04:06.619', '2026-01-23 23:04:06.619', '703fe3cb-35a5-46a9-83bd-16bf2741a3e9');
INSERT INTO public.products (id, "bodegaId", name, description, subcategory, price, "discountPrice", stock, "isAvailable", images, unit, weight, "createdAt", "updatedAt", "categoryId") VALUES ('bc97dabd-a3ba-44a1-95a9-32b172827e5f', 'f5281d3d-5bf4-479c-a5c1-581794e3ba1f', 'Detergente Ace 1kg', 'Detergente Ace 1kg disponible en Colmado El Rincón Criollo', NULL, 4.32, NULL, 128, true, NULL, NULL, NULL, '2026-01-23 23:04:06.621', '2026-01-23 23:04:06.621', '703fe3cb-35a5-46a9-83bd-16bf2741a3e9');
INSERT INTO public.products (id, "bodegaId", name, description, subcategory, price, "discountPrice", stock, "isAvailable", images, unit, weight, "createdAt", "updatedAt", "categoryId") VALUES ('24de6143-ead7-4d57-8e84-d2647666d278', 'f5281d3d-5bf4-479c-a5c1-581794e3ba1f', 'Suavizante Downy', 'Suavizante Downy disponible en Colmado El Rincón Criollo', NULL, 6.22, NULL, 105, true, NULL, NULL, NULL, '2026-01-23 23:04:06.624', '2026-01-23 23:04:06.624', '703fe3cb-35a5-46a9-83bd-16bf2741a3e9');
INSERT INTO public.products (id, "bodegaId", name, description, subcategory, price, "discountPrice", stock, "isAvailable", images, unit, weight, "createdAt", "updatedAt", "categoryId") VALUES ('fdfa048f-0793-4ca1-be70-cb6da65b9d71', 'f5281d3d-5bf4-479c-a5c1-581794e3ba1f', 'Jabón de Cuaba', 'Jabón de Cuaba disponible en Colmado El Rincón Criollo', NULL, 2.18, NULL, 29, true, NULL, NULL, NULL, '2026-01-23 23:04:06.625', '2026-01-23 23:04:06.625', '703fe3cb-35a5-46a9-83bd-16bf2741a3e9');
INSERT INTO public.products (id, "bodegaId", name, description, subcategory, price, "discountPrice", stock, "isAvailable", images, unit, weight, "createdAt", "updatedAt", "categoryId") VALUES ('75b756da-999f-4111-bed1-9f9cb5621535', 'f5281d3d-5bf4-479c-a5c1-581794e3ba1f', 'Queso Cheddar', 'Queso Cheddar disponible en Colmado El Rincón Criollo', NULL, 4.56, NULL, 122, true, NULL, NULL, NULL, '2026-01-23 23:04:06.627', '2026-01-23 23:04:06.627', '734450ad-2e08-4a6b-b67a-de4cb4df5809');
INSERT INTO public.products (id, "bodegaId", name, description, subcategory, price, "discountPrice", stock, "isAvailable", images, unit, weight, "createdAt", "updatedAt", "categoryId") VALUES ('f9542701-5513-4bfc-a08b-0b3401c2bca9', 'f5281d3d-5bf4-479c-a5c1-581794e3ba1f', 'Leche Milex 1L', 'Leche Milex 1L disponible en Colmado El Rincón Criollo', NULL, 4.45, NULL, 151, true, NULL, NULL, NULL, '2026-01-23 23:04:06.628', '2026-01-23 23:04:06.628', '734450ad-2e08-4a6b-b67a-de4cb4df5809');
INSERT INTO public.products (id, "bodegaId", name, description, subcategory, price, "discountPrice", stock, "isAvailable", images, unit, weight, "createdAt", "updatedAt", "categoryId") VALUES ('bf17d049-f230-4058-a40d-c2a41787830e', '317eda51-6a42-47fb-b77c-337f7d714631', 'Queso de Hoja', 'Queso de Hoja disponible en Supermercado Don Fello', NULL, 6.24, NULL, 124, true, NULL, NULL, NULL, '2026-01-23 23:04:06.631', '2026-02-03 01:44:33.657', '734450ad-2e08-4a6b-b67a-de4cb4df5809');
INSERT INTO public.products (id, "bodegaId", name, description, subcategory, price, "discountPrice", stock, "isAvailable", images, unit, weight, "createdAt", "updatedAt", "categoryId") VALUES ('af4bec02-84d5-4406-8884-cb7605fe3977', '317eda51-6a42-47fb-b77c-337f7d714631', 'Cebolla lb', 'Cebolla lb disponible en Supermercado Don Fello', NULL, 1.85, NULL, 16, true, NULL, NULL, NULL, '2026-01-23 23:04:06.633', '2026-02-03 01:44:33.647', 'bd4f1ba4-21ef-44e4-8b11-4518c2684304');
INSERT INTO public.products (id, "bodegaId", name, description, subcategory, price, "discountPrice", stock, "isAvailable", images, unit, weight, "createdAt", "updatedAt", "categoryId") VALUES ('83e7e172-dbec-4bf2-ba30-44856aa004f0', '317eda51-6a42-47fb-b77c-337f7d714631', 'Leche Milex 1L', 'Leche Milex 1L disponible en Supermercado Don Fello', NULL, 3.89, NULL, 66, true, NULL, NULL, NULL, '2026-01-23 23:04:06.632', '2026-02-03 01:44:33.655', '734450ad-2e08-4a6b-b67a-de4cb4df5809');
INSERT INTO public.products (id, "bodegaId", name, description, subcategory, price, "discountPrice", stock, "isAvailable", images, unit, weight, "createdAt", "updatedAt", "categoryId") VALUES ('2ed9e9fd-26b0-4245-8306-282955caed31', '317eda51-6a42-47fb-b77c-337f7d714631', 'Guineos Maduros (5)', 'Guineos Maduros (5) disponible en Supermercado Don Fello', NULL, 2.24, NULL, 57, true, NULL, NULL, NULL, '2026-01-23 23:04:06.634', '2026-01-23 23:04:06.634', 'bd4f1ba4-21ef-44e4-8b11-4518c2684304');
INSERT INTO public.products (id, "bodegaId", name, description, subcategory, price, "discountPrice", stock, "isAvailable", images, unit, weight, "createdAt", "updatedAt", "categoryId") VALUES ('56e9456c-134d-4341-9bd2-afaf8bc38d9d', '317eda51-6a42-47fb-b77c-337f7d714631', 'Limones (6)', 'Limones (6) disponible en Supermercado Don Fello', NULL, 1.71, NULL, 36, true, NULL, NULL, NULL, '2026-01-23 23:04:06.635', '2026-01-23 23:04:06.635', 'bd4f1ba4-21ef-44e4-8b11-4518c2684304');
INSERT INTO public.products (id, "bodegaId", name, description, subcategory, price, "discountPrice", stock, "isAvailable", images, unit, weight, "createdAt", "updatedAt", "categoryId") VALUES ('f5020398-6d33-4982-8679-2f58023cc2c1', '317eda51-6a42-47fb-b77c-337f7d714631', 'Ajo Cabeza', 'Ajo Cabeza disponible en Supermercado Don Fello', NULL, 0.89, NULL, 60, true, NULL, NULL, NULL, '2026-01-23 23:04:06.636', '2026-01-23 23:04:06.636', 'bd4f1ba4-21ef-44e4-8b11-4518c2684304');
INSERT INTO public.products (id, "bodegaId", name, description, subcategory, price, "discountPrice", stock, "isAvailable", images, unit, weight, "createdAt", "updatedAt", "categoryId") VALUES ('5ddda9df-4bfe-4c98-9bb4-ffa92798a13d', '317eda51-6a42-47fb-b77c-337f7d714631', 'Galletas Hatuey', 'Galletas Hatuey disponible en Supermercado Don Fello', NULL, 1.6, NULL, 152, true, NULL, NULL, NULL, '2026-01-23 23:04:06.638', '2026-01-23 23:04:06.638', '97fbbb4f-724e-4872-9fae-426a19693b9c');
INSERT INTO public.products (id, "bodegaId", name, description, subcategory, price, "discountPrice", stock, "isAvailable", images, unit, weight, "createdAt", "updatedAt", "categoryId") VALUES ('167df90b-70c0-4187-bc92-0338ddbc97cb', '317eda51-6a42-47fb-b77c-337f7d714631', 'Chicles Trident', 'Chicles Trident disponible en Supermercado Don Fello', NULL, 1.35, NULL, 64, true, NULL, NULL, NULL, '2026-01-23 23:04:06.639', '2026-01-23 23:04:06.639', '97fbbb4f-724e-4872-9fae-426a19693b9c');
INSERT INTO public.products (id, "bodegaId", name, description, subcategory, price, "discountPrice", stock, "isAvailable", images, unit, weight, "createdAt", "updatedAt", "categoryId") VALUES ('34f17706-e40e-41da-86f2-ff88c8c238b1', '317eda51-6a42-47fb-b77c-337f7d714631', 'Cheetos', 'Cheetos disponible en Supermercado Don Fello', NULL, 3.32, NULL, 67, true, NULL, NULL, NULL, '2026-01-23 23:04:06.641', '2026-01-23 23:04:06.641', '97fbbb4f-724e-4872-9fae-426a19693b9c');
INSERT INTO public.products (id, "bodegaId", name, description, subcategory, price, "discountPrice", stock, "isAvailable", images, unit, weight, "createdAt", "updatedAt", "categoryId") VALUES ('39257576-3bd9-4b09-a577-379adb2828b0', '317eda51-6a42-47fb-b77c-337f7d714631', 'Chocolate M&M', 'Chocolate M&M disponible en Supermercado Don Fello', NULL, 2.32, NULL, 44, true, NULL, NULL, NULL, '2026-01-23 23:04:06.642', '2026-01-23 23:04:06.642', '97fbbb4f-724e-4872-9fae-426a19693b9c');
INSERT INTO public.products (id, "bodegaId", name, description, subcategory, price, "discountPrice", stock, "isAvailable", images, unit, weight, "createdAt", "updatedAt", "categoryId") VALUES ('8cf3a757-9b1b-46db-bf42-be8761bef08a', '317eda51-6a42-47fb-b77c-337f7d714631', 'Coca Cola 2L', 'Coca Cola 2L disponible en Supermercado Don Fello', NULL, 2.63, NULL, 100, true, NULL, NULL, NULL, '2026-01-23 23:04:06.643', '2026-01-23 23:04:06.643', '363e5d78-da2c-43b9-9865-2f23da5e2bbe');
INSERT INTO public.products (id, "bodegaId", name, description, subcategory, price, "discountPrice", stock, "isAvailable", images, unit, weight, "createdAt", "updatedAt", "categoryId") VALUES ('384bcd7a-be69-4fb1-b637-a82fee952947', '317eda51-6a42-47fb-b77c-337f7d714631', 'Red Bull', 'Red Bull disponible en Supermercado Don Fello', NULL, 3.97, NULL, 70, true, NULL, NULL, NULL, '2026-01-23 23:04:06.644', '2026-01-23 23:04:06.644', '363e5d78-da2c-43b9-9865-2f23da5e2bbe');
INSERT INTO public.products (id, "bodegaId", name, description, subcategory, price, "discountPrice", stock, "isAvailable", images, unit, weight, "createdAt", "updatedAt", "categoryId") VALUES ('6156afc5-53f4-4e23-9df2-961c1010985e', '317eda51-6a42-47fb-b77c-337f7d714631', 'Pasta Angel Hair', 'Pasta Angel Hair disponible en Supermercado Don Fello', NULL, 2.4, NULL, 117, true, NULL, NULL, NULL, '2026-01-23 23:04:06.645', '2026-01-23 23:04:06.645', 'a49aa7c6-8820-4a49-9ddf-52d634e82a2d');
INSERT INTO public.products (id, "bodegaId", name, description, subcategory, price, "discountPrice", stock, "isAvailable", images, unit, weight, "createdAt", "updatedAt", "categoryId") VALUES ('c41c0c27-ce8a-4937-9ee9-97ba71ff6a37', '317eda51-6a42-47fb-b77c-337f7d714631', 'Fideos Chinos', 'Fideos Chinos disponible en Supermercado Don Fello', NULL, 2.13, NULL, 108, true, NULL, NULL, NULL, '2026-01-23 23:04:06.646', '2026-01-23 23:04:06.646', 'a49aa7c6-8820-4a49-9ddf-52d634e82a2d');
INSERT INTO public.products (id, "bodegaId", name, description, subcategory, price, "discountPrice", stock, "isAvailable", images, unit, weight, "createdAt", "updatedAt", "categoryId") VALUES ('5871ee36-be8f-4d99-a175-4e44ec80fc98', '317eda51-6a42-47fb-b77c-337f7d714631', 'Pasta Barilla Spaghetti', 'Pasta Barilla Spaghetti disponible en Supermercado Don Fello', NULL, 2.57, NULL, 29, true, NULL, NULL, NULL, '2026-01-23 23:04:06.647', '2026-01-23 23:04:06.647', 'a49aa7c6-8820-4a49-9ddf-52d634e82a2d');
INSERT INTO public.products (id, "bodegaId", name, description, subcategory, price, "discountPrice", stock, "isAvailable", images, unit, weight, "createdAt", "updatedAt", "categoryId") VALUES ('a23dd53c-6450-4f54-bdf3-3c872bfeff23', '317eda51-6a42-47fb-b77c-337f7d714631', 'Frijoles Refritos', 'Frijoles Refritos disponible en Supermercado Don Fello', NULL, 2.78, NULL, 155, true, NULL, NULL, NULL, '2026-01-23 23:04:06.648', '2026-01-23 23:04:06.648', '297422a4-5a6a-4b16-924d-da3e247d81fe');
INSERT INTO public.products (id, "bodegaId", name, description, subcategory, price, "discountPrice", stock, "isAvailable", images, unit, weight, "createdAt", "updatedAt", "categoryId") VALUES ('7a2ac35e-e0aa-4784-8d8c-c0c38db66fa6', '317eda51-6a42-47fb-b77c-337f7d714631', 'Atún Van Camps', 'Atún Van Camps disponible en Supermercado Don Fello', NULL, 2.69, NULL, 111, true, NULL, NULL, NULL, '2026-01-23 23:04:06.649', '2026-01-23 23:04:06.649', '297422a4-5a6a-4b16-924d-da3e247d81fe');
INSERT INTO public.products (id, "bodegaId", name, description, subcategory, price, "discountPrice", stock, "isAvailable", images, unit, weight, "createdAt", "updatedAt", "categoryId") VALUES ('987f30cf-b8ab-4c7f-a253-2325f96b42ed', '317eda51-6a42-47fb-b77c-337f7d714631', 'Salsa de Tomate', 'Salsa de Tomate disponible en Supermercado Don Fello', NULL, 2.04, NULL, 63, true, NULL, NULL, NULL, '2026-01-23 23:04:06.65', '2026-01-23 23:04:06.65', '297422a4-5a6a-4b16-924d-da3e247d81fe');
INSERT INTO public.products (id, "bodegaId", name, description, subcategory, price, "discountPrice", stock, "isAvailable", images, unit, weight, "createdAt", "updatedAt", "categoryId") VALUES ('cc64c62d-da6b-4455-8af9-3c125a9b7e97', '317eda51-6a42-47fb-b77c-337f7d714631', 'Salchicha Oscar Mayer', 'Salchicha Oscar Mayer disponible en Supermercado Don Fello', NULL, 4.13, NULL, 157, true, NULL, NULL, NULL, '2026-01-23 23:04:06.652', '2026-01-23 23:04:06.652', '50d4b344-d866-4806-8cd4-f764c8600edc');
INSERT INTO public.products (id, "bodegaId", name, description, subcategory, price, "discountPrice", stock, "isAvailable", images, unit, weight, "createdAt", "updatedAt", "categoryId") VALUES ('fa2bdf4d-6abd-426a-a2b7-a695cc1ef1f1', '317eda51-6a42-47fb-b77c-337f7d714631', 'Pechuga de Pollo lb', 'Pechuga de Pollo lb disponible en Supermercado Don Fello', NULL, 3.98, NULL, 145, true, NULL, NULL, NULL, '2026-01-23 23:04:06.653', '2026-01-23 23:04:06.653', '50d4b344-d866-4806-8cd4-f764c8600edc');
INSERT INTO public.products (id, "bodegaId", name, description, subcategory, price, "discountPrice", stock, "isAvailable", images, unit, weight, "createdAt", "updatedAt", "categoryId") VALUES ('ddb95dec-9ace-4188-bf1b-e0b193a33e5d', '317eda51-6a42-47fb-b77c-337f7d714631', 'Tocino', 'Tocino disponible en Supermercado Don Fello', NULL, 7.27, NULL, 32, true, NULL, NULL, NULL, '2026-01-23 23:04:06.654', '2026-01-23 23:04:06.654', '50d4b344-d866-4806-8cd4-f764c8600edc');
INSERT INTO public.products (id, "bodegaId", name, description, subcategory, price, "discountPrice", stock, "isAvailable", images, unit, weight, "createdAt", "updatedAt", "categoryId") VALUES ('4b3df94a-49d0-45bd-b14e-2c6d16e04242', '73a8719c-2b2f-4b83-9ef5-c65cf115bc49', 'Habichuelas Rojas 1lb', 'Habichuelas Rojas 1lb disponible en Colmado La Esquina', NULL, 2.28, NULL, 91, true, NULL, NULL, NULL, '2026-01-23 23:04:06.655', '2026-01-23 23:04:06.655', '7288579e-ab56-4bf2-a520-0a236e7b5279');
INSERT INTO public.products (id, "bodegaId", name, description, subcategory, price, "discountPrice", stock, "isAvailable", images, unit, weight, "createdAt", "updatedAt", "categoryId") VALUES ('d634ebaf-4481-4eda-b95f-37b0b56f6775', '73a8719c-2b2f-4b83-9ef5-c65cf115bc49', 'Arroz Selecto 3lb', 'Arroz Selecto 3lb disponible en Colmado La Esquina', NULL, 4.88, NULL, 148, false, NULL, NULL, NULL, '2026-01-23 23:04:06.656', '2026-01-23 23:04:06.656', '7288579e-ab56-4bf2-a520-0a236e7b5279');
INSERT INTO public.products (id, "bodegaId", name, description, subcategory, price, "discountPrice", stock, "isAvailable", images, unit, weight, "createdAt", "updatedAt", "categoryId") VALUES ('3b34bc8f-8555-47c4-a129-a120b8e9a19f', '73a8719c-2b2f-4b83-9ef5-c65cf115bc49', 'Fideos Chinos', 'Fideos Chinos disponible en Colmado La Esquina', NULL, 2.77, NULL, 116, true, NULL, NULL, NULL, '2026-01-23 23:04:06.658', '2026-01-23 23:04:06.658', 'a49aa7c6-8820-4a49-9ddf-52d634e82a2d');
INSERT INTO public.products (id, "bodegaId", name, description, subcategory, price, "discountPrice", stock, "isAvailable", images, unit, weight, "createdAt", "updatedAt", "categoryId") VALUES ('bc4419cc-62ba-4254-ad03-90de54c28dfa', '73a8719c-2b2f-4b83-9ef5-c65cf115bc49', 'Pasta Angel Hair', 'Pasta Angel Hair disponible en Colmado La Esquina', NULL, 2.86, NULL, 132, true, NULL, NULL, NULL, '2026-01-23 23:04:06.659', '2026-01-23 23:04:06.659', 'a49aa7c6-8820-4a49-9ddf-52d634e82a2d');
INSERT INTO public.products (id, "bodegaId", name, description, subcategory, price, "discountPrice", stock, "isAvailable", images, unit, weight, "createdAt", "updatedAt", "categoryId") VALUES ('ffeb7550-f322-426a-8777-6ecbc00dff00', '73a8719c-2b2f-4b83-9ef5-c65cf115bc49', 'Detergente Fab 2kg', 'Detergente Fab 2kg disponible en Colmado La Esquina', NULL, 7.92, NULL, 62, true, NULL, NULL, NULL, '2026-01-23 23:04:06.662', '2026-01-23 23:04:06.662', '703fe3cb-35a5-46a9-83bd-16bf2741a3e9');
INSERT INTO public.products (id, "bodegaId", name, description, subcategory, price, "discountPrice", stock, "isAvailable", images, unit, weight, "createdAt", "updatedAt", "categoryId") VALUES ('3694245b-d174-4c00-9139-5d65a01c44a1', '73a8719c-2b2f-4b83-9ef5-c65cf115bc49', 'Cloro Bravo 1gal', 'Cloro Bravo 1gal disponible en Colmado La Esquina', NULL, 3.37, NULL, 151, true, NULL, NULL, NULL, '2026-01-23 23:04:06.664', '2026-01-23 23:04:06.664', '703fe3cb-35a5-46a9-83bd-16bf2741a3e9');
INSERT INTO public.products (id, "bodegaId", name, description, subcategory, price, "discountPrice", stock, "isAvailable", images, unit, weight, "createdAt", "updatedAt", "categoryId") VALUES ('15770c95-b5b3-4de5-a5d3-bbd4770b7ac9', '73a8719c-2b2f-4b83-9ef5-c65cf115bc49', 'Toallas Sanitarias', 'Toallas Sanitarias disponible en Colmado La Esquina', NULL, 6.15, NULL, 119, false, NULL, NULL, NULL, '2026-01-23 23:04:06.665', '2026-01-23 23:04:06.665', 'd5cc5024-b189-4ed6-831f-86b84a0147e3');
INSERT INTO public.products (id, "bodegaId", name, description, subcategory, price, "discountPrice", stock, "isAvailable", images, unit, weight, "createdAt", "updatedAt", "categoryId") VALUES ('4196126c-6f3d-49ae-b60c-0e27cdf141af', '73a8719c-2b2f-4b83-9ef5-c65cf115bc49', 'Shampoo Head & Shoulders', 'Shampoo Head & Shoulders disponible en Colmado La Esquina', NULL, 7.74, NULL, 104, true, NULL, NULL, NULL, '2026-01-23 23:04:06.667', '2026-01-23 23:04:06.667', 'd5cc5024-b189-4ed6-831f-86b84a0147e3');
INSERT INTO public.products (id, "bodegaId", name, description, subcategory, price, "discountPrice", stock, "isAvailable", images, unit, weight, "createdAt", "updatedAt", "categoryId") VALUES ('1aef03ea-41ff-48a1-9bd7-aa19e881737a', '73a8719c-2b2f-4b83-9ef5-c65cf115bc49', 'Jabón Palmolive', 'Jabón Palmolive disponible en Colmado La Esquina', NULL, 2.29, NULL, 43, true, NULL, NULL, NULL, '2026-01-23 23:04:06.668', '2026-01-23 23:04:06.668', 'd5cc5024-b189-4ed6-831f-86b84a0147e3');
INSERT INTO public.products (id, "bodegaId", name, description, subcategory, price, "discountPrice", stock, "isAvailable", images, unit, weight, "createdAt", "updatedAt", "categoryId") VALUES ('6c3852e2-11fc-445f-8a88-642ac99f4e32', '73a8719c-2b2f-4b83-9ef5-c65cf115bc49', 'Desodorante Dove', 'Desodorante Dove disponible en Colmado La Esquina', NULL, 4.91, NULL, 129, true, NULL, NULL, NULL, '2026-01-23 23:04:06.669', '2026-01-23 23:04:06.669', 'd5cc5024-b189-4ed6-831f-86b84a0147e3');
INSERT INTO public.products (id, "bodegaId", name, description, subcategory, price, "discountPrice", stock, "isAvailable", images, unit, weight, "createdAt", "updatedAt", "categoryId") VALUES ('5bdc0300-a761-46fd-8384-ec76b62056b3', '73a8719c-2b2f-4b83-9ef5-c65cf115bc49', 'Mantequilla Rica', 'Mantequilla Rica disponible en Colmado La Esquina', NULL, 4.15, NULL, 95, false, NULL, NULL, NULL, '2026-01-23 23:04:06.671', '2026-01-23 23:04:06.671', '734450ad-2e08-4a6b-b67a-de4cb4df5809');
INSERT INTO public.products (id, "bodegaId", name, description, subcategory, price, "discountPrice", stock, "isAvailable", images, unit, weight, "createdAt", "updatedAt", "categoryId") VALUES ('69cba02c-385c-4db4-8a48-ed817a34de65', '73a8719c-2b2f-4b83-9ef5-c65cf115bc49', 'Queso Cheddar', 'Queso Cheddar disponible en Colmado La Esquina', NULL, 4.52, NULL, 79, true, NULL, NULL, NULL, '2026-01-23 23:04:06.672', '2026-01-23 23:04:06.672', '734450ad-2e08-4a6b-b67a-de4cb4df5809');
INSERT INTO public.products (id, "bodegaId", name, description, subcategory, price, "discountPrice", stock, "isAvailable", images, unit, weight, "createdAt", "updatedAt", "categoryId") VALUES ('3f93fe22-691f-4af9-8d0b-ca1fb9a1cbc4', '73a8719c-2b2f-4b83-9ef5-c65cf115bc49', 'Jabón de Cuaba', 'Jabón de Cuaba disponible en Colmado La Esquina', NULL, 2.19, NULL, 80, true, NULL, NULL, NULL, '2026-01-23 23:04:06.661', '2026-01-23 23:17:04.997', '703fe3cb-35a5-46a9-83bd-16bf2741a3e9');
INSERT INTO public.products (id, "bodegaId", name, description, subcategory, price, "discountPrice", stock, "isAvailable", images, unit, weight, "createdAt", "updatedAt", "categoryId") VALUES ('bafa20d5-c5f1-4856-915a-e06d9348ca46', '73a8719c-2b2f-4b83-9ef5-c65cf115bc49', 'Yogurt Yoplait', 'Yogurt Yoplait disponible en Colmado La Esquina', NULL, 2.07, NULL, 107, true, NULL, NULL, NULL, '2026-01-23 23:04:06.673', '2026-01-23 23:04:06.673', '734450ad-2e08-4a6b-b67a-de4cb4df5809');
INSERT INTO public.products (id, "bodegaId", name, description, subcategory, price, "discountPrice", stock, "isAvailable", images, unit, weight, "createdAt", "updatedAt", "categoryId") VALUES ('b85bba01-384e-48c6-9d04-1cb0b0758850', '73a8719c-2b2f-4b83-9ef5-c65cf115bc49', 'Leche Rica Entera', 'Leche Rica Entera disponible en Colmado La Esquina', NULL, 2.98, NULL, 85, true, NULL, NULL, NULL, '2026-01-23 23:04:06.674', '2026-01-23 23:04:06.674', '734450ad-2e08-4a6b-b67a-de4cb4df5809');
INSERT INTO public.products (id, "bodegaId", name, description, subcategory, price, "discountPrice", stock, "isAvailable", images, unit, weight, "createdAt", "updatedAt", "categoryId") VALUES ('531e7e5e-dee7-4e7e-b00e-26fc092295f6', '73a8719c-2b2f-4b83-9ef5-c65cf115bc49', 'Whisky Johnnie Walker Red', 'Whisky Johnnie Walker Red disponible en Colmado La Esquina', NULL, 29.28, NULL, 27, true, NULL, NULL, NULL, '2026-01-23 23:04:06.675', '2026-01-23 23:04:06.675', 'a779e13a-36c8-497e-8408-efe3b6f52ef7');
INSERT INTO public.products (id, "bodegaId", name, description, subcategory, price, "discountPrice", stock, "isAvailable", images, unit, weight, "createdAt", "updatedAt", "categoryId") VALUES ('38b81fde-f835-4280-8cef-ceacd9a62710', '73a8719c-2b2f-4b83-9ef5-c65cf115bc49', 'Cerveza Presidente', 'Cerveza Presidente disponible en Colmado La Esquina', NULL, 2.4, NULL, 107, false, NULL, NULL, NULL, '2026-01-23 23:04:06.676', '2026-01-23 23:04:06.676', 'a779e13a-36c8-497e-8408-efe3b6f52ef7');
INSERT INTO public.products (id, "bodegaId", name, description, subcategory, price, "discountPrice", stock, "isAvailable", images, unit, weight, "createdAt", "updatedAt", "categoryId") VALUES ('7202ec02-da44-4d84-9bf0-168fae4aae5e', '73a8719c-2b2f-4b83-9ef5-c65cf115bc49', 'Vodka Smirnoff', 'Vodka Smirnoff disponible en Colmado La Esquina', NULL, 13.42, NULL, 82, false, NULL, NULL, NULL, '2026-01-23 23:04:06.677', '2026-01-23 23:04:06.677', 'a779e13a-36c8-497e-8408-efe3b6f52ef7');
INSERT INTO public.products (id, "bodegaId", name, description, subcategory, price, "discountPrice", stock, "isAvailable", images, unit, weight, "createdAt", "updatedAt", "categoryId") VALUES ('d23203ba-0966-4983-a6f9-554c6e002428', '73a8719c-2b2f-4b83-9ef5-c65cf115bc49', 'Cerveza Corona', 'Cerveza Corona disponible en Colmado La Esquina', NULL, 2.8, NULL, 111, true, NULL, NULL, NULL, '2026-01-23 23:04:06.678', '2026-01-23 23:04:06.678', 'a779e13a-36c8-497e-8408-efe3b6f52ef7');
INSERT INTO public.products (id, "bodegaId", name, description, subcategory, price, "discountPrice", stock, "isAvailable", images, unit, weight, "createdAt", "updatedAt", "categoryId") VALUES ('95c3bcbf-2291-48b8-97e5-14bf775e9d08', '73a8719c-2b2f-4b83-9ef5-c65cf115bc49', 'Ajo Cabeza', 'Ajo Cabeza disponible en Colmado La Esquina', NULL, 1.02, NULL, 138, true, NULL, NULL, NULL, '2026-01-23 23:04:06.679', '2026-01-23 23:04:06.679', 'bd4f1ba4-21ef-44e4-8b11-4518c2684304');
INSERT INTO public.products (id, "bodegaId", name, description, subcategory, price, "discountPrice", stock, "isAvailable", images, unit, weight, "createdAt", "updatedAt", "categoryId") VALUES ('fb73453b-a2c1-41a1-8eb3-24d53d0599bf', '73a8719c-2b2f-4b83-9ef5-c65cf115bc49', 'Guineos Maduros (5)', 'Guineos Maduros (5) disponible en Colmado La Esquina', NULL, 2.11, NULL, 124, true, NULL, NULL, NULL, '2026-01-23 23:04:06.68', '2026-01-23 23:04:06.68', 'bd4f1ba4-21ef-44e4-8b11-4518c2684304');
INSERT INTO public.products (id, "bodegaId", name, description, subcategory, price, "discountPrice", stock, "isAvailable", images, unit, weight, "createdAt", "updatedAt", "categoryId") VALUES ('f3360cfa-3135-40e3-8dd7-40e0e516a924', '73a8719c-2b2f-4b83-9ef5-c65cf115bc49', 'Aguacate', 'Aguacate disponible en Colmado La Esquina', NULL, 1.43, NULL, 47, true, NULL, NULL, NULL, '2026-01-23 23:04:06.682', '2026-01-23 23:04:06.682', 'bd4f1ba4-21ef-44e4-8b11-4518c2684304');
INSERT INTO public.products (id, "bodegaId", name, description, subcategory, price, "discountPrice", stock, "isAvailable", images, unit, weight, "createdAt", "updatedAt", "categoryId") VALUES ('9b01ac32-3b2a-4b6b-90e2-a30a0b1953f2', '73a8719c-2b2f-4b83-9ef5-c65cf115bc49', 'Yuca lb', 'Yuca lb disponible en Colmado La Esquina', NULL, 1.56, NULL, 85, true, NULL, NULL, NULL, '2026-01-23 23:04:06.683', '2026-01-23 23:04:06.683', 'bd4f1ba4-21ef-44e4-8b11-4518c2684304');
INSERT INTO public.products (id, "bodegaId", name, description, subcategory, price, "discountPrice", stock, "isAvailable", images, unit, weight, "createdAt", "updatedAt", "categoryId") VALUES ('84d1864a-18d6-4b7b-a52e-203b2f180594', '73a8719c-2b2f-4b83-9ef5-c65cf115bc49', 'Salsa de Tomate', 'Salsa de Tomate disponible en Colmado La Esquina', NULL, 2.38, NULL, 142, true, NULL, NULL, NULL, '2026-01-23 23:04:06.683', '2026-01-23 23:04:06.683', '297422a4-5a6a-4b16-924d-da3e247d81fe');
INSERT INTO public.products (id, "bodegaId", name, description, subcategory, price, "discountPrice", stock, "isAvailable", images, unit, weight, "createdAt", "updatedAt", "categoryId") VALUES ('07f98612-fd31-4d88-9461-14f921be1549', '73a8719c-2b2f-4b83-9ef5-c65cf115bc49', 'Sardinas en Salsa', 'Sardinas en Salsa disponible en Colmado La Esquina', NULL, 1.85, NULL, 57, true, NULL, NULL, NULL, '2026-01-23 23:04:06.684', '2026-01-23 23:04:06.684', '297422a4-5a6a-4b16-924d-da3e247d81fe');
INSERT INTO public.products (id, "bodegaId", name, description, subcategory, price, "discountPrice", stock, "isAvailable", images, unit, weight, "createdAt", "updatedAt", "categoryId") VALUES ('6c43676e-df3f-4db7-a856-463d84d61a28', '73a8719c-2b2f-4b83-9ef5-c65cf115bc49', 'Frijoles Refritos', 'Frijoles Refritos disponible en Colmado La Esquina', NULL, 2.43, NULL, 54, true, NULL, NULL, NULL, '2026-01-23 23:04:06.685', '2026-01-23 23:04:06.685', '297422a4-5a6a-4b16-924d-da3e247d81fe');
INSERT INTO public.products (id, "bodegaId", name, description, subcategory, price, "discountPrice", stock, "isAvailable", images, unit, weight, "createdAt", "updatedAt", "categoryId") VALUES ('3a7ab29f-27dc-4249-b36a-de29195cb05e', '73a8719c-2b2f-4b83-9ef5-c65cf115bc49', 'Leche Evaporada', 'Leche Evaporada disponible en Colmado La Esquina', NULL, 2.14, NULL, 19, true, NULL, NULL, NULL, '2026-01-23 23:04:06.686', '2026-01-23 23:04:06.686', '297422a4-5a6a-4b16-924d-da3e247d81fe');
INSERT INTO public.products (id, "bodegaId", name, description, subcategory, price, "discountPrice", stock, "isAvailable", images, unit, weight, "createdAt", "updatedAt", "categoryId") VALUES ('e6d9486c-7ef7-49bb-9aa5-30e3ad631f5c', 'c471d8aa-d02a-44ff-9d1e-50dd4012c903', 'Cerveza Presidente', 'Cerveza Presidente disponible en Mini Market Los Pinos', NULL, 2.3, NULL, 143, true, NULL, NULL, NULL, '2026-01-23 23:04:06.687', '2026-01-23 23:04:06.687', 'a779e13a-36c8-497e-8408-efe3b6f52ef7');
INSERT INTO public.products (id, "bodegaId", name, description, subcategory, price, "discountPrice", stock, "isAvailable", images, unit, weight, "createdAt", "updatedAt", "categoryId") VALUES ('d9f30d74-7262-4ad0-87bf-87ba92f04546', 'c471d8aa-d02a-44ff-9d1e-50dd4012c903', 'Ron Brugal Extra Viejo', 'Ron Brugal Extra Viejo disponible en Mini Market Los Pinos', NULL, 23, NULL, 100, false, NULL, NULL, NULL, '2026-01-23 23:04:06.689', '2026-01-23 23:04:06.689', 'a779e13a-36c8-497e-8408-efe3b6f52ef7');
INSERT INTO public.products (id, "bodegaId", name, description, subcategory, price, "discountPrice", stock, "isAvailable", images, unit, weight, "createdAt", "updatedAt", "categoryId") VALUES ('c942796c-6b7b-43c3-95c8-c559e49d2dcd', 'c471d8aa-d02a-44ff-9d1e-50dd4012c903', 'Vodka Smirnoff', 'Vodka Smirnoff disponible en Mini Market Los Pinos', NULL, 16.52, NULL, 28, true, NULL, NULL, NULL, '2026-01-23 23:04:06.691', '2026-01-23 23:04:06.691', 'a779e13a-36c8-497e-8408-efe3b6f52ef7');
INSERT INTO public.products (id, "bodegaId", name, description, subcategory, price, "discountPrice", stock, "isAvailable", images, unit, weight, "createdAt", "updatedAt", "categoryId") VALUES ('035ac110-5d18-4ba2-b49b-03ed93330b54', 'c471d8aa-d02a-44ff-9d1e-50dd4012c903', 'Suavizante Downy', 'Suavizante Downy disponible en Mini Market Los Pinos', NULL, 5.99, NULL, 46, false, NULL, NULL, NULL, '2026-01-23 23:04:06.692', '2026-01-23 23:04:06.692', '703fe3cb-35a5-46a9-83bd-16bf2741a3e9');
INSERT INTO public.products (id, "bodegaId", name, description, subcategory, price, "discountPrice", stock, "isAvailable", images, unit, weight, "createdAt", "updatedAt", "categoryId") VALUES ('5db1b2e3-429e-4a1b-87a9-c3b8e294d6da', 'c471d8aa-d02a-44ff-9d1e-50dd4012c903', 'Cloro Bravo 1gal', 'Cloro Bravo 1gal disponible en Mini Market Los Pinos', NULL, 3.58, NULL, 44, true, NULL, NULL, NULL, '2026-01-23 23:04:06.693', '2026-01-23 23:04:06.693', '703fe3cb-35a5-46a9-83bd-16bf2741a3e9');
INSERT INTO public.products (id, "bodegaId", name, description, subcategory, price, "discountPrice", stock, "isAvailable", images, unit, weight, "createdAt", "updatedAt", "categoryId") VALUES ('3a20fc27-4f56-4ec5-b01e-2639146e52fe', 'c471d8aa-d02a-44ff-9d1e-50dd4012c903', 'Toallas Sanitarias', 'Toallas Sanitarias disponible en Mini Market Los Pinos', NULL, 5.78, NULL, 107, true, NULL, NULL, NULL, '2026-01-23 23:04:06.694', '2026-01-23 23:04:06.694', 'd5cc5024-b189-4ed6-831f-86b84a0147e3');
INSERT INTO public.products (id, "bodegaId", name, description, subcategory, price, "discountPrice", stock, "isAvailable", images, unit, weight, "createdAt", "updatedAt", "categoryId") VALUES ('d6c5f6cb-c96f-4f1f-b0d3-c4433f19e6ca', 'c471d8aa-d02a-44ff-9d1e-50dd4012c903', 'Shampoo Head & Shoulders', 'Shampoo Head & Shoulders disponible en Mini Market Los Pinos', NULL, 8.97, NULL, 17, true, NULL, NULL, NULL, '2026-01-23 23:04:06.695', '2026-01-23 23:04:06.695', 'd5cc5024-b189-4ed6-831f-86b84a0147e3');
INSERT INTO public.products (id, "bodegaId", name, description, subcategory, price, "discountPrice", stock, "isAvailable", images, unit, weight, "createdAt", "updatedAt", "categoryId") VALUES ('31035d01-9eef-40ef-93c9-6bddc1446476', 'c471d8aa-d02a-44ff-9d1e-50dd4012c903', 'Pan Integral', 'Pan Integral disponible en Mini Market Los Pinos', NULL, 3.13, NULL, 60, true, NULL, NULL, NULL, '2026-01-23 23:04:06.696', '2026-01-23 23:04:06.696', 'ba00d1d4-dbc2-4606-9cfb-178621ee7062');
INSERT INTO public.products (id, "bodegaId", name, description, subcategory, price, "discountPrice", stock, "isAvailable", images, unit, weight, "createdAt", "updatedAt", "categoryId") VALUES ('c2ff2efa-477b-435c-94b8-2b0d624175a7', 'c471d8aa-d02a-44ff-9d1e-50dd4012c903', 'Pan de Agua', 'Pan de Agua disponible en Mini Market Los Pinos', NULL, 1.56, NULL, 141, true, NULL, NULL, NULL, '2026-01-23 23:04:06.697', '2026-01-23 23:04:06.697', 'ba00d1d4-dbc2-4606-9cfb-178621ee7062');
INSERT INTO public.products (id, "bodegaId", name, description, subcategory, price, "discountPrice", stock, "isAvailable", images, unit, weight, "createdAt", "updatedAt", "categoryId") VALUES ('b66ac8e0-c925-498a-a3de-852609ad6e93', 'c471d8aa-d02a-44ff-9d1e-50dd4012c903', 'Bizcocho Dominicano', 'Bizcocho Dominicano disponible en Mini Market Los Pinos', NULL, 9.25, NULL, 140, true, NULL, NULL, NULL, '2026-01-23 23:04:06.698', '2026-01-23 23:04:06.698', 'ba00d1d4-dbc2-4606-9cfb-178621ee7062');
INSERT INTO public.products (id, "bodegaId", name, description, subcategory, price, "discountPrice", stock, "isAvailable", images, unit, weight, "createdAt", "updatedAt", "categoryId") VALUES ('c6931a9b-8184-4325-948f-13de1ea3f028', 'c471d8aa-d02a-44ff-9d1e-50dd4012c903', 'Croissants (4)', 'Croissants (4) disponible en Mini Market Los Pinos', NULL, 5.15, NULL, 136, false, NULL, NULL, NULL, '2026-01-23 23:04:06.699', '2026-01-23 23:04:06.699', 'ba00d1d4-dbc2-4606-9cfb-178621ee7062');
INSERT INTO public.products (id, "bodegaId", name, description, subcategory, price, "discountPrice", stock, "isAvailable", images, unit, weight, "createdAt", "updatedAt", "categoryId") VALUES ('142282aa-f555-45f5-9c9c-76a9eb190a61', 'c471d8aa-d02a-44ff-9d1e-50dd4012c903', 'Caramelos Surtidos', 'Caramelos Surtidos disponible en Mini Market Los Pinos', NULL, 1.01, NULL, 21, true, NULL, NULL, NULL, '2026-01-23 23:04:06.7', '2026-01-23 23:04:06.7', '97fbbb4f-724e-4872-9fae-426a19693b9c');
INSERT INTO public.products (id, "bodegaId", name, description, subcategory, price, "discountPrice", stock, "isAvailable", images, unit, weight, "createdAt", "updatedAt", "categoryId") VALUES ('1cf6e7ef-0ea4-412a-bdde-7ec940c86c19', 'c471d8aa-d02a-44ff-9d1e-50dd4012c903', 'Doritos Nacho', 'Doritos Nacho disponible en Mini Market Los Pinos', NULL, 3.8, NULL, 143, true, NULL, NULL, NULL, '2026-01-23 23:04:06.701', '2026-01-23 23:04:06.701', '97fbbb4f-724e-4872-9fae-426a19693b9c');
INSERT INTO public.products (id, "bodegaId", name, description, subcategory, price, "discountPrice", stock, "isAvailable", images, unit, weight, "createdAt", "updatedAt", "categoryId") VALUES ('450e2d6d-5e44-4006-8db5-d8b4e1930801', 'c471d8aa-d02a-44ff-9d1e-50dd4012c903', 'Galletas Hatuey', 'Galletas Hatuey disponible en Mini Market Los Pinos', NULL, 1.4, NULL, 55, false, NULL, NULL, NULL, '2026-01-23 23:04:06.702', '2026-01-23 23:04:06.702', '97fbbb4f-724e-4872-9fae-426a19693b9c');
INSERT INTO public.products (id, "bodegaId", name, description, subcategory, price, "discountPrice", stock, "isAvailable", images, unit, weight, "createdAt", "updatedAt", "categoryId") VALUES ('39ab24ad-a60d-40ab-b9db-e732f194fba3', 'c471d8aa-d02a-44ff-9d1e-50dd4012c903', 'Leche Evaporada', 'Leche Evaporada disponible en Mini Market Los Pinos', NULL, 2.11, NULL, 68, true, NULL, NULL, NULL, '2026-01-23 23:04:06.703', '2026-01-23 23:04:06.703', '297422a4-5a6a-4b16-924d-da3e247d81fe');
INSERT INTO public.products (id, "bodegaId", name, description, subcategory, price, "discountPrice", stock, "isAvailable", images, unit, weight, "createdAt", "updatedAt", "categoryId") VALUES ('c13f9c0a-402a-44c7-8da6-4f3b0f98bd84', 'c471d8aa-d02a-44ff-9d1e-50dd4012c903', 'Frijoles Refritos', 'Frijoles Refritos disponible en Mini Market Los Pinos', NULL, 2.33, NULL, 120, true, NULL, NULL, NULL, '2026-01-23 23:04:06.704', '2026-01-23 23:04:06.704', '297422a4-5a6a-4b16-924d-da3e247d81fe');
INSERT INTO public.products (id, "bodegaId", name, description, subcategory, price, "discountPrice", stock, "isAvailable", images, unit, weight, "createdAt", "updatedAt", "categoryId") VALUES ('8c06d049-7d7b-412f-ba35-fbdbc421408d', 'c471d8aa-d02a-44ff-9d1e-50dd4012c903', 'Atún Van Camps', 'Atún Van Camps disponible en Mini Market Los Pinos', NULL, 2.66, NULL, 29, true, NULL, NULL, NULL, '2026-01-23 23:04:06.705', '2026-01-23 23:04:06.705', '297422a4-5a6a-4b16-924d-da3e247d81fe');
INSERT INTO public.products (id, "bodegaId", name, description, subcategory, price, "discountPrice", stock, "isAvailable", images, unit, weight, "createdAt", "updatedAt", "categoryId") VALUES ('c63b2a6d-b499-46ca-9647-38e8f58f465b', 'c471d8aa-d02a-44ff-9d1e-50dd4012c903', 'Sardinas en Salsa', 'Sardinas en Salsa disponible en Mini Market Los Pinos', NULL, 2.18, NULL, 20, true, NULL, NULL, NULL, '2026-01-23 23:04:06.706', '2026-01-23 23:04:06.706', '297422a4-5a6a-4b16-924d-da3e247d81fe');
INSERT INTO public.products (id, "bodegaId", name, description, subcategory, price, "discountPrice", stock, "isAvailable", images, unit, weight, "createdAt", "updatedAt", "categoryId") VALUES ('075a15a3-1395-440f-a772-d646da498286', 'c471d8aa-d02a-44ff-9d1e-50dd4012c903', 'Salchicha Oscar Mayer', 'Salchicha Oscar Mayer disponible en Mini Market Los Pinos', NULL, 4.32, NULL, 77, false, NULL, NULL, NULL, '2026-01-23 23:04:06.707', '2026-01-23 23:04:06.707', '50d4b344-d866-4806-8cd4-f764c8600edc');
INSERT INTO public.products (id, "bodegaId", name, description, subcategory, price, "discountPrice", stock, "isAvailable", images, unit, weight, "createdAt", "updatedAt", "categoryId") VALUES ('d5d81f14-b123-4fd5-8178-0064b389f181', 'c471d8aa-d02a-44ff-9d1e-50dd4012c903', 'Salami Induveca', 'Salami Induveca disponible en Mini Market Los Pinos', NULL, 4.97, NULL, 48, false, NULL, NULL, NULL, '2026-01-23 23:04:06.708', '2026-01-23 23:04:06.708', '50d4b344-d866-4806-8cd4-f764c8600edc');
INSERT INTO public.products (id, "bodegaId", name, description, subcategory, price, "discountPrice", stock, "isAvailable", images, unit, weight, "createdAt", "updatedAt", "categoryId") VALUES ('027a2f80-2da2-49e3-9adf-06b9e249f61d', 'c471d8aa-d02a-44ff-9d1e-50dd4012c903', 'Chorizo Español', 'Chorizo Español disponible en Mini Market Los Pinos', NULL, 7.88, NULL, 68, true, NULL, NULL, NULL, '2026-01-23 23:04:06.709', '2026-01-23 23:04:06.709', '50d4b344-d866-4806-8cd4-f764c8600edc');
INSERT INTO public.products (id, "bodegaId", name, description, subcategory, price, "discountPrice", stock, "isAvailable", images, unit, weight, "createdAt", "updatedAt", "categoryId") VALUES ('51c553b3-c98f-416f-af1e-9ef02d5126b6', 'c471d8aa-d02a-44ff-9d1e-50dd4012c903', 'Queso Cheddar', 'Queso Cheddar disponible en Mini Market Los Pinos', NULL, 4.35, NULL, 99, true, NULL, NULL, NULL, '2026-01-23 23:04:06.71', '2026-01-23 23:04:06.71', '734450ad-2e08-4a6b-b67a-de4cb4df5809');
INSERT INTO public.products (id, "bodegaId", name, description, subcategory, price, "discountPrice", stock, "isAvailable", images, unit, weight, "createdAt", "updatedAt", "categoryId") VALUES ('46cd0b27-44f8-4e01-9d10-1e6174a1e69b', 'c471d8aa-d02a-44ff-9d1e-50dd4012c903', 'Mantequilla Rica', 'Mantequilla Rica disponible en Mini Market Los Pinos', NULL, 4.45, NULL, 118, true, NULL, NULL, NULL, '2026-01-23 23:04:06.71', '2026-01-23 23:04:06.71', '734450ad-2e08-4a6b-b67a-de4cb4df5809');
INSERT INTO public.products (id, "bodegaId", name, description, subcategory, price, "discountPrice", stock, "isAvailable", images, unit, weight, "createdAt", "updatedAt", "categoryId") VALUES ('c7129a40-2f1f-46b5-8a86-a9083d0cb610', 'c471d8aa-d02a-44ff-9d1e-50dd4012c903', 'Plátanos Verdes (5)', 'Plátanos Verdes (5) disponible en Mini Market Los Pinos', NULL, 2.99, NULL, 67, false, NULL, NULL, NULL, '2026-01-23 23:04:06.711', '2026-01-23 23:04:06.711', 'bd4f1ba4-21ef-44e4-8b11-4518c2684304');
INSERT INTO public.products (id, "bodegaId", name, description, subcategory, price, "discountPrice", stock, "isAvailable", images, unit, weight, "createdAt", "updatedAt", "categoryId") VALUES ('173b3a0d-6230-402b-9581-fbd0ef349591', 'c471d8aa-d02a-44ff-9d1e-50dd4012c903', 'Ajo Cabeza', 'Ajo Cabeza disponible en Mini Market Los Pinos', NULL, 1.01, NULL, 35, true, NULL, NULL, NULL, '2026-01-23 23:04:06.713', '2026-01-23 23:04:06.713', 'bd4f1ba4-21ef-44e4-8b11-4518c2684304');
INSERT INTO public.products (id, "bodegaId", name, description, subcategory, price, "discountPrice", stock, "isAvailable", images, unit, weight, "createdAt", "updatedAt", "categoryId") VALUES ('c1f7abd2-5aee-45d1-83c0-7ea4d1aed116', 'e789a18d-06ff-4a1c-b5f5-253dab4c4057', 'Yuca lb', 'Yuca lb disponible en Bodega El Progreso', NULL, 1.68, NULL, 29, true, NULL, NULL, NULL, '2026-01-23 23:04:06.714', '2026-01-23 23:04:06.714', 'bd4f1ba4-21ef-44e4-8b11-4518c2684304');
INSERT INTO public.products (id, "bodegaId", name, description, subcategory, price, "discountPrice", stock, "isAvailable", images, unit, weight, "createdAt", "updatedAt", "categoryId") VALUES ('6e94d961-c6db-4992-a078-c1d650fa8b7a', 'e789a18d-06ff-4a1c-b5f5-253dab4c4057', 'Guineos Maduros (5)', 'Guineos Maduros (5) disponible en Bodega El Progreso', NULL, 1.97, NULL, 34, false, NULL, NULL, NULL, '2026-01-23 23:04:06.715', '2026-01-23 23:04:06.715', 'bd4f1ba4-21ef-44e4-8b11-4518c2684304');
INSERT INTO public.products (id, "bodegaId", name, description, subcategory, price, "discountPrice", stock, "isAvailable", images, unit, weight, "createdAt", "updatedAt", "categoryId") VALUES ('1a2dd1f1-6c19-4ad6-9efb-c1a510abeb77', 'e789a18d-06ff-4a1c-b5f5-253dab4c4057', 'Agua Crystal 1gal', 'Agua Crystal 1gal disponible en Bodega El Progreso', NULL, 1.45, NULL, 158, true, NULL, NULL, NULL, '2026-01-23 23:04:06.715', '2026-01-23 23:04:06.715', '363e5d78-da2c-43b9-9865-2f23da5e2bbe');
INSERT INTO public.products (id, "bodegaId", name, description, subcategory, price, "discountPrice", stock, "isAvailable", images, unit, weight, "createdAt", "updatedAt", "categoryId") VALUES ('0cd402b6-de4a-4f52-97cd-9caf54ef2f66', 'e789a18d-06ff-4a1c-b5f5-253dab4c4057', 'Gatorade', 'Gatorade disponible en Bodega El Progreso', NULL, 2.72, NULL, 130, true, NULL, NULL, NULL, '2026-01-23 23:04:06.716', '2026-01-23 23:04:06.716', '363e5d78-da2c-43b9-9865-2f23da5e2bbe');
INSERT INTO public.products (id, "bodegaId", name, description, subcategory, price, "discountPrice", stock, "isAvailable", images, unit, weight, "createdAt", "updatedAt", "categoryId") VALUES ('38dc1e58-6049-4887-a18d-a310abcf5658', 'e789a18d-06ff-4a1c-b5f5-253dab4c4057', 'Pepsi 2L', 'Pepsi 2L disponible en Bodega El Progreso', NULL, 2.66, NULL, 122, true, NULL, NULL, NULL, '2026-01-23 23:04:06.717', '2026-01-23 23:04:06.717', '363e5d78-da2c-43b9-9865-2f23da5e2bbe');
INSERT INTO public.products (id, "bodegaId", name, description, subcategory, price, "discountPrice", stock, "isAvailable", images, unit, weight, "createdAt", "updatedAt", "categoryId") VALUES ('c98f06a2-eee6-4238-a3de-89d2626d888d', 'e789a18d-06ff-4a1c-b5f5-253dab4c4057', 'Croissants (4)', 'Croissants (4) disponible en Bodega El Progreso', NULL, 4.87, NULL, 51, true, NULL, NULL, NULL, '2026-01-23 23:04:06.718', '2026-01-23 23:04:06.718', 'ba00d1d4-dbc2-4606-9cfb-178621ee7062');
INSERT INTO public.products (id, "bodegaId", name, description, subcategory, price, "discountPrice", stock, "isAvailable", images, unit, weight, "createdAt", "updatedAt", "categoryId") VALUES ('6d205a13-44f5-4f23-beaa-4071d241c7f6', 'e789a18d-06ff-4a1c-b5f5-253dab4c4057', 'Pan de Agua', 'Pan de Agua disponible en Bodega El Progreso', NULL, 1.64, NULL, 87, true, NULL, NULL, NULL, '2026-01-23 23:04:06.719', '2026-01-23 23:04:06.719', 'ba00d1d4-dbc2-4606-9cfb-178621ee7062');
INSERT INTO public.products (id, "bodegaId", name, description, subcategory, price, "discountPrice", stock, "isAvailable", images, unit, weight, "createdAt", "updatedAt", "categoryId") VALUES ('6d178e31-9baf-4461-9131-d756fb108a60', 'e789a18d-06ff-4a1c-b5f5-253dab4c4057', 'Pan Sobao', 'Pan Sobao disponible en Bodega El Progreso', NULL, 2.19, NULL, 150, true, NULL, NULL, NULL, '2026-01-23 23:04:06.72', '2026-01-23 23:04:06.72', 'ba00d1d4-dbc2-4606-9cfb-178621ee7062');
INSERT INTO public.products (id, "bodegaId", name, description, subcategory, price, "discountPrice", stock, "isAvailable", images, unit, weight, "createdAt", "updatedAt", "categoryId") VALUES ('c3de588b-72ef-4bd4-bd21-5e5100aa2809', 'e789a18d-06ff-4a1c-b5f5-253dab4c4057', 'Pasta Barilla Spaghetti', 'Pasta Barilla Spaghetti disponible en Bodega El Progreso', NULL, 3.04, NULL, 19, true, NULL, NULL, NULL, '2026-01-23 23:04:06.721', '2026-01-23 23:04:06.721', 'a49aa7c6-8820-4a49-9ddf-52d634e82a2d');
INSERT INTO public.products (id, "bodegaId", name, description, subcategory, price, "discountPrice", stock, "isAvailable", images, unit, weight, "createdAt", "updatedAt", "categoryId") VALUES ('07810f93-4300-4b1d-b149-94de8b9a41cb', 'e789a18d-06ff-4a1c-b5f5-253dab4c4057', 'Pasta Rummo Penne', 'Pasta Rummo Penne disponible en Bodega El Progreso', NULL, 3.47, NULL, 102, true, NULL, NULL, NULL, '2026-01-23 23:04:06.722', '2026-01-23 23:04:06.722', 'a49aa7c6-8820-4a49-9ddf-52d634e82a2d');
INSERT INTO public.products (id, "bodegaId", name, description, subcategory, price, "discountPrice", stock, "isAvailable", images, unit, weight, "createdAt", "updatedAt", "categoryId") VALUES ('e1e676ad-f60a-4bc9-8bf5-23b27d72d29a', 'e789a18d-06ff-4a1c-b5f5-253dab4c4057', 'Pasta Allegra Coditos', 'Pasta Allegra Coditos disponible en Bodega El Progreso', NULL, 1.68, NULL, 73, false, NULL, NULL, NULL, '2026-01-23 23:04:06.723', '2026-01-23 23:04:06.723', 'a49aa7c6-8820-4a49-9ddf-52d634e82a2d');
INSERT INTO public.products (id, "bodegaId", name, description, subcategory, price, "discountPrice", stock, "isAvailable", images, unit, weight, "createdAt", "updatedAt", "categoryId") VALUES ('a2e87292-7732-4290-bdf8-0f5a94bcc663', 'e789a18d-06ff-4a1c-b5f5-253dab4c4057', 'Vino Tinto Concha y Toro', 'Vino Tinto Concha y Toro disponible en Bodega El Progreso', NULL, 9.6, NULL, 148, true, NULL, NULL, NULL, '2026-01-23 23:04:06.724', '2026-01-23 23:04:06.724', 'a779e13a-36c8-497e-8408-efe3b6f52ef7');
INSERT INTO public.products (id, "bodegaId", name, description, subcategory, price, "discountPrice", stock, "isAvailable", images, unit, weight, "createdAt", "updatedAt", "categoryId") VALUES ('cfecf0f6-53bc-4445-840a-9b960c042d3b', 'e789a18d-06ff-4a1c-b5f5-253dab4c4057', 'Vodka Smirnoff', 'Vodka Smirnoff disponible en Bodega El Progreso', NULL, 13.94, NULL, 42, true, NULL, NULL, NULL, '2026-01-23 23:04:06.725', '2026-01-23 23:04:06.725', 'a779e13a-36c8-497e-8408-efe3b6f52ef7');
INSERT INTO public.products (id, "bodegaId", name, description, subcategory, price, "discountPrice", stock, "isAvailable", images, unit, weight, "createdAt", "updatedAt", "categoryId") VALUES ('fa5cc4d7-d1b7-4fa7-9059-b6337412a73e', 'e789a18d-06ff-4a1c-b5f5-253dab4c4057', 'Cerveza Bohemia', 'Cerveza Bohemia disponible en Bodega El Progreso', NULL, 2.73, NULL, 92, true, NULL, NULL, NULL, '2026-01-23 23:04:06.726', '2026-01-23 23:04:06.726', 'a779e13a-36c8-497e-8408-efe3b6f52ef7');
INSERT INTO public.products (id, "bodegaId", name, description, subcategory, price, "discountPrice", stock, "isAvailable", images, unit, weight, "createdAt", "updatedAt", "categoryId") VALUES ('b7f1c792-f0dd-4685-af6c-335784835513', 'e789a18d-06ff-4a1c-b5f5-253dab4c4057', 'Cloro Bravo 1gal', 'Cloro Bravo 1gal disponible en Bodega El Progreso', NULL, 3.5, NULL, 96, true, NULL, NULL, NULL, '2026-01-23 23:04:06.727', '2026-01-23 23:04:06.727', '703fe3cb-35a5-46a9-83bd-16bf2741a3e9');
INSERT INTO public.products (id, "bodegaId", name, description, subcategory, price, "discountPrice", stock, "isAvailable", images, unit, weight, "createdAt", "updatedAt", "categoryId") VALUES ('7d9b390d-efb9-4e6c-85df-9535bc9c0b3d', 'e789a18d-06ff-4a1c-b5f5-253dab4c4057', 'Detergente Ace 1kg', 'Detergente Ace 1kg disponible en Bodega El Progreso', NULL, 4.88, NULL, 122, true, NULL, NULL, NULL, '2026-01-23 23:04:06.728', '2026-01-23 23:04:06.728', '703fe3cb-35a5-46a9-83bd-16bf2741a3e9');
INSERT INTO public.products (id, "bodegaId", name, description, subcategory, price, "discountPrice", stock, "isAvailable", images, unit, weight, "createdAt", "updatedAt", "categoryId") VALUES ('c9a0d05b-211c-4603-8fdf-c00792691fca', 'e789a18d-06ff-4a1c-b5f5-253dab4c4057', 'Jabón de Cuaba', 'Jabón de Cuaba disponible en Bodega El Progreso', NULL, 2.07, NULL, 49, true, NULL, NULL, NULL, '2026-01-23 23:04:06.729', '2026-01-23 23:04:06.729', '703fe3cb-35a5-46a9-83bd-16bf2741a3e9');
INSERT INTO public.products (id, "bodegaId", name, description, subcategory, price, "discountPrice", stock, "isAvailable", images, unit, weight, "createdAt", "updatedAt", "categoryId") VALUES ('48c3a57d-5915-4da7-81d0-d6bbd21e30ed', 'e789a18d-06ff-4a1c-b5f5-253dab4c4057', 'Jamón Ahumado', 'Jamón Ahumado disponible en Bodega El Progreso', NULL, 5.7, NULL, 15, true, NULL, NULL, NULL, '2026-01-23 23:04:06.73', '2026-01-23 23:04:06.73', '50d4b344-d866-4806-8cd4-f764c8600edc');
INSERT INTO public.products (id, "bodegaId", name, description, subcategory, price, "discountPrice", stock, "isAvailable", images, unit, weight, "createdAt", "updatedAt", "categoryId") VALUES ('c8e197ea-4abd-4aef-96b9-1eb0e6962842', 'e789a18d-06ff-4a1c-b5f5-253dab4c4057', 'Salchicha Oscar Mayer', 'Salchicha Oscar Mayer disponible en Bodega El Progreso', NULL, 4.07, NULL, 120, true, NULL, NULL, NULL, '2026-01-23 23:04:06.731', '2026-01-23 23:04:06.731', '50d4b344-d866-4806-8cd4-f764c8600edc');
INSERT INTO public.products (id, "bodegaId", name, description, subcategory, price, "discountPrice", stock, "isAvailable", images, unit, weight, "createdAt", "updatedAt", "categoryId") VALUES ('b6d11dc8-e87a-4f1a-9a6c-7db74bbb7068', 'e789a18d-06ff-4a1c-b5f5-253dab4c4057', 'Carne Molida lb', 'Carne Molida lb disponible en Bodega El Progreso', NULL, 4.59, NULL, 103, true, NULL, NULL, NULL, '2026-01-23 23:04:06.732', '2026-01-23 23:04:06.732', '50d4b344-d866-4806-8cd4-f764c8600edc');
INSERT INTO public.products (id, "bodegaId", name, description, subcategory, price, "discountPrice", stock, "isAvailable", images, unit, weight, "createdAt", "updatedAt", "categoryId") VALUES ('fb2d3c75-4da3-40b0-9eb5-90b797d70f96', 'e789a18d-06ff-4a1c-b5f5-253dab4c4057', 'Yogurt Yoplait', 'Yogurt Yoplait disponible en Bodega El Progreso', NULL, 2.24, NULL, 157, true, NULL, NULL, NULL, '2026-01-23 23:04:06.732', '2026-01-23 23:04:06.732', '734450ad-2e08-4a6b-b67a-de4cb4df5809');
INSERT INTO public.products (id, "bodegaId", name, description, subcategory, price, "discountPrice", stock, "isAvailable", images, unit, weight, "createdAt", "updatedAt", "categoryId") VALUES ('01114e52-c1d9-48a5-ad2f-4e131993e921', 'e789a18d-06ff-4a1c-b5f5-253dab4c4057', 'Queso de Hoja', 'Queso de Hoja disponible en Bodega El Progreso', NULL, 5.24, NULL, 143, true, NULL, NULL, NULL, '2026-01-23 23:04:06.733', '2026-01-23 23:04:06.733', '734450ad-2e08-4a6b-b67a-de4cb4df5809');
INSERT INTO public.products (id, "bodegaId", name, description, subcategory, price, "discountPrice", stock, "isAvailable", images, unit, weight, "createdAt", "updatedAt", "categoryId") VALUES ('3c3457c9-eade-4d1e-952d-49ca5d1659ce', 'e789a18d-06ff-4a1c-b5f5-253dab4c4057', 'Leche Rica Entera', 'Leche Rica Entera disponible en Bodega El Progreso', NULL, 3.27, NULL, 73, true, NULL, NULL, NULL, '2026-01-23 23:04:06.734', '2026-01-23 23:04:06.734', '734450ad-2e08-4a6b-b67a-de4cb4df5809');
INSERT INTO public.products (id, "bodegaId", name, description, subcategory, price, "discountPrice", stock, "isAvailable", images, unit, weight, "createdAt", "updatedAt", "categoryId") VALUES ('3140710b-09b6-478e-88a7-e00b0c04152e', '72ce0b31-0d3d-4fee-84a0-f0e44cb50290', 'Jugo de Naranja Tropicana', 'Jugo de Naranja Tropicana disponible en Colmado Hermanos Díaz', NULL, 4.37, NULL, 91, false, NULL, NULL, NULL, '2026-01-23 23:04:06.735', '2026-01-23 23:04:06.735', '363e5d78-da2c-43b9-9865-2f23da5e2bbe');
INSERT INTO public.products (id, "bodegaId", name, description, subcategory, price, "discountPrice", stock, "isAvailable", images, unit, weight, "createdAt", "updatedAt", "categoryId") VALUES ('326e3f64-34d6-4c2d-a3f4-60102b824bbe', '72ce0b31-0d3d-4fee-84a0-f0e44cb50290', 'Malta Morena', 'Malta Morena disponible en Colmado Hermanos Díaz', NULL, 1.7, NULL, 27, true, NULL, NULL, NULL, '2026-01-23 23:04:06.736', '2026-01-23 23:04:06.736', '363e5d78-da2c-43b9-9865-2f23da5e2bbe');
INSERT INTO public.products (id, "bodegaId", name, description, subcategory, price, "discountPrice", stock, "isAvailable", images, unit, weight, "createdAt", "updatedAt", "categoryId") VALUES ('3cd57e37-2cd1-4a19-9e35-803ecb7789b8', '72ce0b31-0d3d-4fee-84a0-f0e44cb50290', 'Pasta Rummo Penne', 'Pasta Rummo Penne disponible en Colmado Hermanos Díaz', NULL, 3.23, NULL, 72, true, NULL, NULL, NULL, '2026-01-23 23:04:06.739', '2026-01-23 23:04:06.739', 'a49aa7c6-8820-4a49-9ddf-52d634e82a2d');
INSERT INTO public.products (id, "bodegaId", name, description, subcategory, price, "discountPrice", stock, "isAvailable", images, unit, weight, "createdAt", "updatedAt", "categoryId") VALUES ('c7a2bf8e-48a7-4e54-a4ed-1b98d90e39d8', '72ce0b31-0d3d-4fee-84a0-f0e44cb50290', 'Pasta Barilla Spaghetti', 'Pasta Barilla Spaghetti disponible en Colmado Hermanos Díaz', NULL, 2.77, NULL, 33, true, NULL, NULL, NULL, '2026-01-23 23:04:06.74', '2026-01-23 23:04:06.74', 'a49aa7c6-8820-4a49-9ddf-52d634e82a2d');
INSERT INTO public.products (id, "bodegaId", name, description, subcategory, price, "discountPrice", stock, "isAvailable", images, unit, weight, "createdAt", "updatedAt", "categoryId") VALUES ('6e725ac3-0cd6-4624-a995-c011680b50f5', '72ce0b31-0d3d-4fee-84a0-f0e44cb50290', 'Pasta Angel Hair', 'Pasta Angel Hair disponible en Colmado Hermanos Díaz', NULL, 2.6, NULL, 100, true, NULL, NULL, NULL, '2026-01-23 23:04:06.741', '2026-01-23 23:04:06.741', 'a49aa7c6-8820-4a49-9ddf-52d634e82a2d');
INSERT INTO public.products (id, "bodegaId", name, description, subcategory, price, "discountPrice", stock, "isAvailable", images, unit, weight, "createdAt", "updatedAt", "categoryId") VALUES ('2d9a46bd-bf25-4d2e-b2a0-d6f696780407', '72ce0b31-0d3d-4fee-84a0-f0e44cb50290', 'Pasta Allegra Coditos', 'Pasta Allegra Coditos disponible en Colmado Hermanos Díaz', NULL, 1.68, NULL, 88, true, NULL, NULL, NULL, '2026-01-23 23:04:06.742', '2026-01-23 23:04:06.742', 'a49aa7c6-8820-4a49-9ddf-52d634e82a2d');
INSERT INTO public.products (id, "bodegaId", name, description, subcategory, price, "discountPrice", stock, "isAvailable", images, unit, weight, "createdAt", "updatedAt", "categoryId") VALUES ('137cde2f-801c-4576-8577-8d11110a58d4', '72ce0b31-0d3d-4fee-84a0-f0e44cb50290', 'Vodka Smirnoff', 'Vodka Smirnoff disponible en Colmado Hermanos Díaz', NULL, 12.97, NULL, 45, true, NULL, NULL, NULL, '2026-01-23 23:04:06.743', '2026-01-23 23:04:06.743', 'a779e13a-36c8-497e-8408-efe3b6f52ef7');
INSERT INTO public.products (id, "bodegaId", name, description, subcategory, price, "discountPrice", stock, "isAvailable", images, unit, weight, "createdAt", "updatedAt", "categoryId") VALUES ('e6efc508-212b-423d-a4f8-d70d81267dfc', '72ce0b31-0d3d-4fee-84a0-f0e44cb50290', 'Cerveza Corona', 'Cerveza Corona disponible en Colmado Hermanos Díaz', NULL, 3.01, NULL, 88, true, NULL, NULL, NULL, '2026-01-23 23:04:06.744', '2026-01-23 23:04:06.744', 'a779e13a-36c8-497e-8408-efe3b6f52ef7');
INSERT INTO public.products (id, "bodegaId", name, description, subcategory, price, "discountPrice", stock, "isAvailable", images, unit, weight, "createdAt", "updatedAt", "categoryId") VALUES ('dcd28681-9ae5-45ca-b9d0-4aa8a66b31cc', '72ce0b31-0d3d-4fee-84a0-f0e44cb50290', 'Cerveza Presidente', 'Cerveza Presidente disponible en Colmado Hermanos Díaz', NULL, 2.41, NULL, 92, true, NULL, NULL, NULL, '2026-01-23 23:04:06.745', '2026-01-23 23:04:06.745', 'a779e13a-36c8-497e-8408-efe3b6f52ef7');
INSERT INTO public.products (id, "bodegaId", name, description, subcategory, price, "discountPrice", stock, "isAvailable", images, unit, weight, "createdAt", "updatedAt", "categoryId") VALUES ('b0000676-e610-4d29-b0e8-011060fe563c', '72ce0b31-0d3d-4fee-84a0-f0e44cb50290', 'Mantequilla Rica', 'Mantequilla Rica disponible en Colmado Hermanos Díaz', NULL, 3.44, NULL, 57, false, NULL, NULL, NULL, '2026-01-23 23:04:06.746', '2026-01-23 23:04:06.746', '734450ad-2e08-4a6b-b67a-de4cb4df5809');
INSERT INTO public.products (id, "bodegaId", name, description, subcategory, price, "discountPrice", stock, "isAvailable", images, unit, weight, "createdAt", "updatedAt", "categoryId") VALUES ('29c5eabf-5da1-4bd6-88b5-0247b69a7e9b', '72ce0b31-0d3d-4fee-84a0-f0e44cb50290', 'Yogurt Yoplait', 'Yogurt Yoplait disponible en Colmado Hermanos Díaz', NULL, 2.11, NULL, 106, true, NULL, NULL, NULL, '2026-01-23 23:04:06.747', '2026-01-23 23:04:06.747', '734450ad-2e08-4a6b-b67a-de4cb4df5809');
INSERT INTO public.products (id, "bodegaId", name, description, subcategory, price, "discountPrice", stock, "isAvailable", images, unit, weight, "createdAt", "updatedAt", "categoryId") VALUES ('86f1ed64-60bc-488d-a99f-1bd2f564008e', '72ce0b31-0d3d-4fee-84a0-f0e44cb50290', 'Crema Agria', 'Crema Agria disponible en Colmado Hermanos Díaz', NULL, 3.22, NULL, 58, true, NULL, NULL, NULL, '2026-01-23 23:04:06.748', '2026-01-23 23:04:06.748', '734450ad-2e08-4a6b-b67a-de4cb4df5809');
INSERT INTO public.products (id, "bodegaId", name, description, subcategory, price, "discountPrice", stock, "isAvailable", images, unit, weight, "createdAt", "updatedAt", "categoryId") VALUES ('273d874e-5fbe-4160-80b1-27f9aa7677e1', '72ce0b31-0d3d-4fee-84a0-f0e44cb50290', 'Queso Cheddar', 'Queso Cheddar disponible en Colmado Hermanos Díaz', NULL, 4.89, NULL, 64, true, NULL, NULL, NULL, '2026-01-23 23:04:06.748', '2026-01-23 23:04:06.748', '734450ad-2e08-4a6b-b67a-de4cb4df5809');
INSERT INTO public.products (id, "bodegaId", name, description, subcategory, price, "discountPrice", stock, "isAvailable", images, unit, weight, "createdAt", "updatedAt", "categoryId") VALUES ('a5916186-fcd7-4db3-936e-731c1e1fcbb0', '72ce0b31-0d3d-4fee-84a0-f0e44cb50290', 'Desinfectante Lysol', 'Desinfectante Lysol disponible en Colmado Hermanos Díaz', NULL, 6, NULL, 10, true, NULL, NULL, NULL, '2026-01-23 23:04:06.749', '2026-01-23 23:04:06.749', '703fe3cb-35a5-46a9-83bd-16bf2741a3e9');
INSERT INTO public.products (id, "bodegaId", name, description, subcategory, price, "discountPrice", stock, "isAvailable", images, unit, weight, "createdAt", "updatedAt", "categoryId") VALUES ('60d2ca89-bb01-40f9-99ba-2bad68c9d30d', '72ce0b31-0d3d-4fee-84a0-f0e44cb50290', 'Detergente Fab 2kg', 'Detergente Fab 2kg disponible en Colmado Hermanos Díaz', NULL, 8.33, NULL, 86, true, NULL, NULL, NULL, '2026-01-23 23:04:06.75', '2026-01-23 23:04:06.75', '703fe3cb-35a5-46a9-83bd-16bf2741a3e9');
INSERT INTO public.products (id, "bodegaId", name, description, subcategory, price, "discountPrice", stock, "isAvailable", images, unit, weight, "createdAt", "updatedAt", "categoryId") VALUES ('9d09c59b-7b30-4979-8475-bd6b4be69dec', '72ce0b31-0d3d-4fee-84a0-f0e44cb50290', 'Pasta Dental Colgate', 'Pasta Dental Colgate disponible en Colmado Hermanos Díaz', NULL, 3.42, NULL, 52, true, NULL, NULL, NULL, '2026-01-23 23:04:06.751', '2026-01-23 23:04:06.751', 'd5cc5024-b189-4ed6-831f-86b84a0147e3');
INSERT INTO public.products (id, "bodegaId", name, description, subcategory, price, "discountPrice", stock, "isAvailable", images, unit, weight, "createdAt", "updatedAt", "categoryId") VALUES ('79d2ab73-df3e-4c34-a184-6c927ec74429', '72ce0b31-0d3d-4fee-84a0-f0e44cb50290', 'Papel Higiénico (4)', 'Papel Higiénico (4) disponible en Colmado Hermanos Díaz', NULL, 4.64, NULL, 66, true, NULL, NULL, NULL, '2026-01-23 23:04:06.752', '2026-01-23 23:04:06.752', 'd5cc5024-b189-4ed6-831f-86b84a0147e3');
INSERT INTO public.products (id, "bodegaId", name, description, subcategory, price, "discountPrice", stock, "isAvailable", images, unit, weight, "createdAt", "updatedAt", "categoryId") VALUES ('4bc76b36-76c1-4369-ba97-84fa813b4b67', '72ce0b31-0d3d-4fee-84a0-f0e44cb50290', 'Pan Integral', 'Pan Integral disponible en Colmado Hermanos Díaz', NULL, 3.77, NULL, 159, true, NULL, NULL, NULL, '2026-01-23 23:04:06.753', '2026-01-23 23:04:06.753', 'ba00d1d4-dbc2-4606-9cfb-178621ee7062');
INSERT INTO public.products (id, "bodegaId", name, description, subcategory, price, "discountPrice", stock, "isAvailable", images, unit, weight, "createdAt", "updatedAt", "categoryId") VALUES ('e138ae18-682b-4825-bce3-c3d91720968c', '72ce0b31-0d3d-4fee-84a0-f0e44cb50290', 'Bizcocho Dominicano', 'Bizcocho Dominicano disponible en Colmado Hermanos Díaz', NULL, 9.89, NULL, 65, true, NULL, NULL, NULL, '2026-01-23 23:04:06.754', '2026-01-23 23:04:06.754', 'ba00d1d4-dbc2-4606-9cfb-178621ee7062');
INSERT INTO public.products (id, "bodegaId", name, description, subcategory, price, "discountPrice", stock, "isAvailable", images, unit, weight, "createdAt", "updatedAt", "categoryId") VALUES ('cd1f7262-2a1a-447b-b93a-efe6f151f2d4', '72ce0b31-0d3d-4fee-84a0-f0e44cb50290', 'Croissants (4)', 'Croissants (4) disponible en Colmado Hermanos Díaz', NULL, 6.27, NULL, 102, true, NULL, NULL, NULL, '2026-01-23 23:04:06.755', '2026-01-23 23:04:06.755', 'ba00d1d4-dbc2-4606-9cfb-178621ee7062');
INSERT INTO public.products (id, "bodegaId", name, description, subcategory, price, "discountPrice", stock, "isAvailable", images, unit, weight, "createdAt", "updatedAt", "categoryId") VALUES ('6cd2772d-13ff-48c9-b5d7-9be1f8847479', '72ce0b31-0d3d-4fee-84a0-f0e44cb50290', 'Pan de Agua', 'Pan de Agua disponible en Colmado Hermanos Díaz', NULL, 1.35, NULL, 113, true, NULL, NULL, NULL, '2026-01-23 23:04:06.756', '2026-01-23 23:04:06.756', 'ba00d1d4-dbc2-4606-9cfb-178621ee7062');
INSERT INTO public.products (id, "bodegaId", name, description, subcategory, price, "discountPrice", stock, "isAvailable", images, unit, weight, "createdAt", "updatedAt", "categoryId") VALUES ('1182ca92-5cd3-4542-8c2e-d7f9805fbb44', '72ce0b31-0d3d-4fee-84a0-f0e44cb50290', 'Aguacate', 'Aguacate disponible en Colmado Hermanos Díaz', NULL, 1.57, NULL, 11, false, NULL, NULL, NULL, '2026-01-23 23:04:06.757', '2026-01-23 23:04:06.757', 'bd4f1ba4-21ef-44e4-8b11-4518c2684304');
INSERT INTO public.products (id, "bodegaId", name, description, subcategory, price, "discountPrice", stock, "isAvailable", images, unit, weight, "createdAt", "updatedAt", "categoryId") VALUES ('dd334299-071a-43e5-8835-3c113f8a4e30', '72ce0b31-0d3d-4fee-84a0-f0e44cb50290', 'Yuca lb', 'Yuca lb disponible en Colmado Hermanos Díaz', NULL, 1.61, NULL, 105, true, NULL, NULL, NULL, '2026-01-23 23:04:06.758', '2026-01-23 23:04:06.758', 'bd4f1ba4-21ef-44e4-8b11-4518c2684304');
INSERT INTO public.products (id, "bodegaId", name, description, subcategory, price, "discountPrice", stock, "isAvailable", images, unit, weight, "createdAt", "updatedAt", "categoryId") VALUES ('5afde6f9-ab9a-422b-ad14-a24f09714033', '72ce0b31-0d3d-4fee-84a0-f0e44cb50290', 'Tomates lb', 'Tomates lb disponible en Colmado Hermanos Díaz', NULL, 2.78, NULL, 40, true, NULL, NULL, NULL, '2026-01-23 23:04:06.759', '2026-01-23 23:04:06.759', 'bd4f1ba4-21ef-44e4-8b11-4518c2684304');
INSERT INTO public.products (id, "bodegaId", name, description, subcategory, price, "discountPrice", stock, "isAvailable", images, unit, weight, "createdAt", "updatedAt", "categoryId") VALUES ('e57392f3-a6b2-4dea-8934-f3f0cd396472', '72ce0b31-0d3d-4fee-84a0-f0e44cb50290', 'Salsa de Tomate', 'Salsa de Tomate disponible en Colmado Hermanos Díaz', NULL, 2.35, NULL, 135, true, NULL, NULL, NULL, '2026-01-23 23:04:06.76', '2026-01-23 23:04:06.76', '297422a4-5a6a-4b16-924d-da3e247d81fe');
INSERT INTO public.products (id, "bodegaId", name, description, subcategory, price, "discountPrice", stock, "isAvailable", images, unit, weight, "createdAt", "updatedAt", "categoryId") VALUES ('78a32412-8590-4b9d-9e4c-3c8a5663f118', '72ce0b31-0d3d-4fee-84a0-f0e44cb50290', 'Atún Van Camps', 'Atún Van Camps disponible en Colmado Hermanos Díaz', NULL, 2.78, NULL, 80, true, NULL, NULL, NULL, '2026-01-23 23:04:06.761', '2026-01-23 23:04:06.761', '297422a4-5a6a-4b16-924d-da3e247d81fe');
INSERT INTO public.products (id, "bodegaId", name, description, subcategory, price, "discountPrice", stock, "isAvailable", images, unit, weight, "createdAt", "updatedAt", "categoryId") VALUES ('59ceb566-72af-45ad-ac2b-02f9992a7cd3', '72ce0b31-0d3d-4fee-84a0-f0e44cb50290', 'Sardinas en Salsa', 'Sardinas en Salsa disponible en Colmado Hermanos Díaz', NULL, 1.84, NULL, 14, true, NULL, NULL, NULL, '2026-01-23 23:04:06.762', '2026-01-23 23:04:06.762', '297422a4-5a6a-4b16-924d-da3e247d81fe');
INSERT INTO public.products (id, "bodegaId", name, description, subcategory, price, "discountPrice", stock, "isAvailable", images, unit, weight, "createdAt", "updatedAt", "categoryId") VALUES ('be8e1248-e493-4c8a-8634-7e3ce92bfd07', '72ce0b31-0d3d-4fee-84a0-f0e44cb50290', 'Frijoles Refritos', 'Frijoles Refritos disponible en Colmado Hermanos Díaz', NULL, 2.34, NULL, 104, true, NULL, NULL, NULL, '2026-01-23 23:04:06.763', '2026-01-23 23:04:06.763', '297422a4-5a6a-4b16-924d-da3e247d81fe');
INSERT INTO public.products (id, "bodegaId", name, description, subcategory, price, "discountPrice", stock, "isAvailable", images, unit, weight, "createdAt", "updatedAt", "categoryId") VALUES ('100b2293-db74-4362-8e79-5d99701e4823', '8769bc63-bbc1-4c3a-b0a8-cc3771855f88', 'Desodorante Dove', 'Desodorante Dove disponible en Super Colmado Tropical', NULL, 5.11, NULL, 36, true, NULL, NULL, NULL, '2026-01-23 23:04:06.764', '2026-01-23 23:04:06.764', 'd5cc5024-b189-4ed6-831f-86b84a0147e3');
INSERT INTO public.products (id, "bodegaId", name, description, subcategory, price, "discountPrice", stock, "isAvailable", images, unit, weight, "createdAt", "updatedAt", "categoryId") VALUES ('7411face-2f87-4d8a-8205-884b4400f8a7', '8769bc63-bbc1-4c3a-b0a8-cc3771855f88', 'Shampoo Head & Shoulders', 'Shampoo Head & Shoulders disponible en Super Colmado Tropical', NULL, 9.03, NULL, 77, true, NULL, NULL, NULL, '2026-01-23 23:04:06.765', '2026-01-23 23:04:06.765', 'd5cc5024-b189-4ed6-831f-86b84a0147e3');
INSERT INTO public.products (id, "bodegaId", name, description, subcategory, price, "discountPrice", stock, "isAvailable", images, unit, weight, "createdAt", "updatedAt", "categoryId") VALUES ('8eb30a4d-6f7b-4d47-a35a-53aee2847d68', '8769bc63-bbc1-4c3a-b0a8-cc3771855f88', 'Leche Evaporada', 'Leche Evaporada disponible en Super Colmado Tropical', NULL, 2.07, NULL, 71, true, NULL, NULL, NULL, '2026-01-23 23:04:06.766', '2026-01-23 23:04:06.766', '297422a4-5a6a-4b16-924d-da3e247d81fe');
INSERT INTO public.products (id, "bodegaId", name, description, subcategory, price, "discountPrice", stock, "isAvailable", images, unit, weight, "createdAt", "updatedAt", "categoryId") VALUES ('13d7febc-9076-4840-9af3-428d3cd14d7e', '72ce0b31-0d3d-4fee-84a0-f0e44cb50290', 'Pepsi 2L', 'Pepsi 2L disponible en Colmado Hermanos Díaz', NULL, 2.47, NULL, 111, true, NULL, NULL, NULL, '2026-01-23 23:04:06.738', '2026-01-23 23:45:40.931', '363e5d78-da2c-43b9-9865-2f23da5e2bbe');
INSERT INTO public.products (id, "bodegaId", name, description, subcategory, price, "discountPrice", stock, "isAvailable", images, unit, weight, "createdAt", "updatedAt", "categoryId") VALUES ('319de64e-c103-4f3f-b643-a5678b1a6375', '8769bc63-bbc1-4c3a-b0a8-cc3771855f88', 'Salsa de Tomate', 'Salsa de Tomate disponible en Super Colmado Tropical', NULL, 2.11, NULL, 120, true, NULL, NULL, NULL, '2026-01-23 23:04:06.767', '2026-01-23 23:04:06.767', '297422a4-5a6a-4b16-924d-da3e247d81fe');
INSERT INTO public.products (id, "bodegaId", name, description, subcategory, price, "discountPrice", stock, "isAvailable", images, unit, weight, "createdAt", "updatedAt", "categoryId") VALUES ('3abe8203-cecb-4576-aa0c-cd342141712c', '8769bc63-bbc1-4c3a-b0a8-cc3771855f88', 'Frijoles Refritos', 'Frijoles Refritos disponible en Super Colmado Tropical', NULL, 2.41, NULL, 115, true, NULL, NULL, NULL, '2026-01-23 23:04:06.768', '2026-01-23 23:04:06.768', '297422a4-5a6a-4b16-924d-da3e247d81fe');
INSERT INTO public.products (id, "bodegaId", name, description, subcategory, price, "discountPrice", stock, "isAvailable", images, unit, weight, "createdAt", "updatedAt", "categoryId") VALUES ('3d00d7fd-e309-4ca9-bbf5-0cd51a3ccd67', '8769bc63-bbc1-4c3a-b0a8-cc3771855f88', 'Maíz Dulce', 'Maíz Dulce disponible en Super Colmado Tropical', NULL, 1.71, NULL, 19, true, NULL, NULL, NULL, '2026-01-23 23:04:06.769', '2026-01-23 23:04:06.769', '297422a4-5a6a-4b16-924d-da3e247d81fe');
INSERT INTO public.products (id, "bodegaId", name, description, subcategory, price, "discountPrice", stock, "isAvailable", images, unit, weight, "createdAt", "updatedAt", "categoryId") VALUES ('2771c705-8f5f-44ce-8fa4-af289a047694', '8769bc63-bbc1-4c3a-b0a8-cc3771855f88', 'Cerveza Corona', 'Cerveza Corona disponible en Super Colmado Tropical', NULL, 3.14, NULL, 19, true, NULL, NULL, NULL, '2026-01-23 23:04:06.769', '2026-01-23 23:04:06.769', 'a779e13a-36c8-497e-8408-efe3b6f52ef7');
INSERT INTO public.products (id, "bodegaId", name, description, subcategory, price, "discountPrice", stock, "isAvailable", images, unit, weight, "createdAt", "updatedAt", "categoryId") VALUES ('79d2d1e8-a33c-4b41-90ee-0c7056df6949', '8769bc63-bbc1-4c3a-b0a8-cc3771855f88', 'Cerveza Bohemia', 'Cerveza Bohemia disponible en Super Colmado Tropical', NULL, 2.63, NULL, 103, true, NULL, NULL, NULL, '2026-01-23 23:04:06.77', '2026-01-23 23:04:06.77', 'a779e13a-36c8-497e-8408-efe3b6f52ef7');
INSERT INTO public.products (id, "bodegaId", name, description, subcategory, price, "discountPrice", stock, "isAvailable", images, unit, weight, "createdAt", "updatedAt", "categoryId") VALUES ('1798e884-5c32-458d-8ff7-31b096150278', '8769bc63-bbc1-4c3a-b0a8-cc3771855f88', 'Vodka Smirnoff', 'Vodka Smirnoff disponible en Super Colmado Tropical', NULL, 15.27, NULL, 55, true, NULL, NULL, NULL, '2026-01-23 23:04:06.771', '2026-01-23 23:04:06.771', 'a779e13a-36c8-497e-8408-efe3b6f52ef7');
INSERT INTO public.products (id, "bodegaId", name, description, subcategory, price, "discountPrice", stock, "isAvailable", images, unit, weight, "createdAt", "updatedAt", "categoryId") VALUES ('d13e4936-1504-4e12-a9bf-a60c6056b8a8', '8769bc63-bbc1-4c3a-b0a8-cc3771855f88', 'Pechuga de Pollo lb', 'Pechuga de Pollo lb disponible en Super Colmado Tropical', NULL, 4.56, NULL, 40, false, NULL, NULL, NULL, '2026-01-23 23:04:06.772', '2026-01-23 23:04:06.772', '50d4b344-d866-4806-8cd4-f764c8600edc');
INSERT INTO public.products (id, "bodegaId", name, description, subcategory, price, "discountPrice", stock, "isAvailable", images, unit, weight, "createdAt", "updatedAt", "categoryId") VALUES ('1c4c663e-36ab-4782-bcd1-889ad8a4fdbc', '8769bc63-bbc1-4c3a-b0a8-cc3771855f88', 'Jamón Ahumado', 'Jamón Ahumado disponible en Super Colmado Tropical', NULL, 5.97, NULL, 36, true, NULL, NULL, NULL, '2026-01-23 23:04:06.773', '2026-01-23 23:04:06.773', '50d4b344-d866-4806-8cd4-f764c8600edc');
INSERT INTO public.products (id, "bodegaId", name, description, subcategory, price, "discountPrice", stock, "isAvailable", images, unit, weight, "createdAt", "updatedAt", "categoryId") VALUES ('f07da077-3867-4765-a06d-9b9a81ff2fb3', '8769bc63-bbc1-4c3a-b0a8-cc3771855f88', 'Chorizo Español', 'Chorizo Español disponible en Super Colmado Tropical', NULL, 6.43, NULL, 141, false, NULL, NULL, NULL, '2026-01-23 23:04:06.774', '2026-01-23 23:04:06.774', '50d4b344-d866-4806-8cd4-f764c8600edc');
INSERT INTO public.products (id, "bodegaId", name, description, subcategory, price, "discountPrice", stock, "isAvailable", images, unit, weight, "createdAt", "updatedAt", "categoryId") VALUES ('b616681e-1dca-4263-abdb-eab1d59f317f', '8769bc63-bbc1-4c3a-b0a8-cc3771855f88', 'Donas (6)', 'Donas (6) disponible en Super Colmado Tropical', NULL, 4.87, NULL, 117, true, NULL, NULL, NULL, '2026-01-23 23:04:06.775', '2026-01-23 23:04:06.775', 'ba00d1d4-dbc2-4606-9cfb-178621ee7062');
INSERT INTO public.products (id, "bodegaId", name, description, subcategory, price, "discountPrice", stock, "isAvailable", images, unit, weight, "createdAt", "updatedAt", "categoryId") VALUES ('7662e02e-96f8-435a-9692-57dd5cf4d349', '8769bc63-bbc1-4c3a-b0a8-cc3771855f88', 'Croissants (4)', 'Croissants (4) disponible en Super Colmado Tropical', NULL, 5.25, NULL, 21, true, NULL, NULL, NULL, '2026-01-23 23:04:06.777', '2026-01-23 23:04:06.777', 'ba00d1d4-dbc2-4606-9cfb-178621ee7062');
INSERT INTO public.products (id, "bodegaId", name, description, subcategory, price, "discountPrice", stock, "isAvailable", images, unit, weight, "createdAt", "updatedAt", "categoryId") VALUES ('dd1dc191-6123-4e93-99d2-868cd890b464', '8769bc63-bbc1-4c3a-b0a8-cc3771855f88', 'Bizcocho Dominicano', 'Bizcocho Dominicano disponible en Super Colmado Tropical', NULL, 7.78, NULL, 106, true, NULL, NULL, NULL, '2026-01-23 23:04:06.778', '2026-01-23 23:04:06.778', 'ba00d1d4-dbc2-4606-9cfb-178621ee7062');
INSERT INTO public.products (id, "bodegaId", name, description, subcategory, price, "discountPrice", stock, "isAvailable", images, unit, weight, "createdAt", "updatedAt", "categoryId") VALUES ('df654b77-c616-4fdb-9571-3addbbdd6949', '8769bc63-bbc1-4c3a-b0a8-cc3771855f88', 'Mantequilla Rica', 'Mantequilla Rica disponible en Super Colmado Tropical', NULL, 3.59, NULL, 142, true, NULL, NULL, NULL, '2026-01-23 23:04:06.779', '2026-01-23 23:04:06.779', '734450ad-2e08-4a6b-b67a-de4cb4df5809');
INSERT INTO public.products (id, "bodegaId", name, description, subcategory, price, "discountPrice", stock, "isAvailable", images, unit, weight, "createdAt", "updatedAt", "categoryId") VALUES ('02145448-0e11-4094-a778-887fcd9c26b5', '8769bc63-bbc1-4c3a-b0a8-cc3771855f88', 'Leche Milex 1L', 'Leche Milex 1L disponible en Super Colmado Tropical', NULL, 4.58, NULL, 147, true, NULL, NULL, NULL, '2026-01-23 23:04:06.78', '2026-01-23 23:04:06.78', '734450ad-2e08-4a6b-b67a-de4cb4df5809');
INSERT INTO public.products (id, "bodegaId", name, description, subcategory, price, "discountPrice", stock, "isAvailable", images, unit, weight, "createdAt", "updatedAt", "categoryId") VALUES ('ba6dab34-5a8b-4b7f-9cdc-2c42489efe7d', '8769bc63-bbc1-4c3a-b0a8-cc3771855f88', 'Crema Agria', 'Crema Agria disponible en Super Colmado Tropical', NULL, 2.9, NULL, 28, true, NULL, NULL, NULL, '2026-01-23 23:04:06.781', '2026-01-23 23:04:06.781', '734450ad-2e08-4a6b-b67a-de4cb4df5809');
INSERT INTO public.products (id, "bodegaId", name, description, subcategory, price, "discountPrice", stock, "isAvailable", images, unit, weight, "createdAt", "updatedAt", "categoryId") VALUES ('223e90b9-21b0-4223-a789-62160b5ce667', '8769bc63-bbc1-4c3a-b0a8-cc3771855f88', 'Yogurt Yoplait', 'Yogurt Yoplait disponible en Super Colmado Tropical', NULL, 2.24, NULL, 124, true, NULL, NULL, NULL, '2026-01-23 23:04:06.781', '2026-01-23 23:04:06.781', '734450ad-2e08-4a6b-b67a-de4cb4df5809');
INSERT INTO public.products (id, "bodegaId", name, description, subcategory, price, "discountPrice", stock, "isAvailable", images, unit, weight, "createdAt", "updatedAt", "categoryId") VALUES ('cc825136-079f-4835-8dc4-4a8c39ee89aa', '8769bc63-bbc1-4c3a-b0a8-cc3771855f88', 'Cheetos', 'Cheetos disponible en Super Colmado Tropical', NULL, 2.67, NULL, 119, true, NULL, NULL, NULL, '2026-01-23 23:04:06.783', '2026-01-23 23:04:06.783', '97fbbb4f-724e-4872-9fae-426a19693b9c');
INSERT INTO public.products (id, "bodegaId", name, description, subcategory, price, "discountPrice", stock, "isAvailable", images, unit, weight, "createdAt", "updatedAt", "categoryId") VALUES ('bccd950d-8a3a-45e2-8092-a44bc6ea427d', '8769bc63-bbc1-4c3a-b0a8-cc3771855f88', 'Caramelos Surtidos', 'Caramelos Surtidos disponible en Super Colmado Tropical', NULL, 1.03, NULL, 113, true, NULL, NULL, NULL, '2026-01-23 23:04:06.783', '2026-01-23 23:04:06.783', '97fbbb4f-724e-4872-9fae-426a19693b9c');
INSERT INTO public.products (id, "bodegaId", name, description, subcategory, price, "discountPrice", stock, "isAvailable", images, unit, weight, "createdAt", "updatedAt", "categoryId") VALUES ('a1e750a7-6fd5-4dc2-ad32-f888049e6492', '8769bc63-bbc1-4c3a-b0a8-cc3771855f88', 'Chocolate M&M', 'Chocolate M&M disponible en Super Colmado Tropical', NULL, 2.55, NULL, 92, true, NULL, NULL, NULL, '2026-01-23 23:04:06.784', '2026-01-23 23:04:06.784', '97fbbb4f-724e-4872-9fae-426a19693b9c');
INSERT INTO public.products (id, "bodegaId", name, description, subcategory, price, "discountPrice", stock, "isAvailable", images, unit, weight, "createdAt", "updatedAt", "categoryId") VALUES ('fab91800-8b86-40ae-b5a4-8b151e8d595b', '8769bc63-bbc1-4c3a-b0a8-cc3771855f88', 'Chicles Trident', 'Chicles Trident disponible en Super Colmado Tropical', NULL, 1.23, NULL, 140, true, NULL, NULL, NULL, '2026-01-23 23:04:06.785', '2026-01-23 23:04:06.785', '97fbbb4f-724e-4872-9fae-426a19693b9c');
INSERT INTO public.products (id, "bodegaId", name, description, subcategory, price, "discountPrice", stock, "isAvailable", images, unit, weight, "createdAt", "updatedAt", "categoryId") VALUES ('b77cca70-80d7-47a8-bdb6-9423da9c942f', 'a67acb11-3260-4f04-9d0b-3a817e02277a', 'Detergente Fab 2kg', 'Detergente Fab 2kg disponible en La Bodeguita del Centro', NULL, 7.69, NULL, 126, true, NULL, NULL, NULL, '2026-01-23 23:04:06.786', '2026-01-23 23:04:06.786', '703fe3cb-35a5-46a9-83bd-16bf2741a3e9');
INSERT INTO public.products (id, "bodegaId", name, description, subcategory, price, "discountPrice", stock, "isAvailable", images, unit, weight, "createdAt", "updatedAt", "categoryId") VALUES ('01b6da5a-68a1-416c-aa25-a3bc27e12df2', 'a67acb11-3260-4f04-9d0b-3a817e02277a', 'Detergente Ace 1kg', 'Detergente Ace 1kg disponible en La Bodeguita del Centro', NULL, 5.31, NULL, 73, true, NULL, NULL, NULL, '2026-01-23 23:04:06.787', '2026-01-23 23:04:06.787', '703fe3cb-35a5-46a9-83bd-16bf2741a3e9');
INSERT INTO public.products (id, "bodegaId", name, description, subcategory, price, "discountPrice", stock, "isAvailable", images, unit, weight, "createdAt", "updatedAt", "categoryId") VALUES ('a6262d1b-b52a-4cbc-82a9-a57eced05b4b', 'a67acb11-3260-4f04-9d0b-3a817e02277a', 'Chicles Trident', 'Chicles Trident disponible en La Bodeguita del Centro', NULL, 1.25, NULL, 114, true, NULL, NULL, NULL, '2026-01-23 23:04:06.788', '2026-01-23 23:04:06.788', '97fbbb4f-724e-4872-9fae-426a19693b9c');
INSERT INTO public.products (id, "bodegaId", name, description, subcategory, price, "discountPrice", stock, "isAvailable", images, unit, weight, "createdAt", "updatedAt", "categoryId") VALUES ('8ccab2ae-25b2-4e79-9934-0a398f3b9d53', 'a67acb11-3260-4f04-9d0b-3a817e02277a', 'Chocolate M&M', 'Chocolate M&M disponible en La Bodeguita del Centro', NULL, 2.33, NULL, 10, true, NULL, NULL, NULL, '2026-01-23 23:04:06.789', '2026-01-23 23:04:06.789', '97fbbb4f-724e-4872-9fae-426a19693b9c');
INSERT INTO public.products (id, "bodegaId", name, description, subcategory, price, "discountPrice", stock, "isAvailable", images, unit, weight, "createdAt", "updatedAt", "categoryId") VALUES ('45cd4030-bcfd-4b0a-8bcb-1d34acf8813e', 'a67acb11-3260-4f04-9d0b-3a817e02277a', 'Caramelos Surtidos', 'Caramelos Surtidos disponible en La Bodeguita del Centro', NULL, 0.87, NULL, 89, true, NULL, NULL, NULL, '2026-01-23 23:04:06.79', '2026-01-23 23:04:06.79', '97fbbb4f-724e-4872-9fae-426a19693b9c');
INSERT INTO public.products (id, "bodegaId", name, description, subcategory, price, "discountPrice", stock, "isAvailable", images, unit, weight, "createdAt", "updatedAt", "categoryId") VALUES ('f7d15f05-4c90-4223-8791-f51d91ebc597', 'a67acb11-3260-4f04-9d0b-3a817e02277a', 'Agua Crystal 1gal', 'Agua Crystal 1gal disponible en La Bodeguita del Centro', NULL, 1.61, NULL, 47, true, NULL, NULL, NULL, '2026-01-23 23:04:06.79', '2026-01-23 23:04:06.79', '363e5d78-da2c-43b9-9865-2f23da5e2bbe');
INSERT INTO public.products (id, "bodegaId", name, description, subcategory, price, "discountPrice", stock, "isAvailable", images, unit, weight, "createdAt", "updatedAt", "categoryId") VALUES ('59fcf008-3df9-409c-9874-4371c6ab9e7f', 'a67acb11-3260-4f04-9d0b-3a817e02277a', 'Malta Morena', 'Malta Morena disponible en La Bodeguita del Centro', NULL, 1.34, NULL, 30, true, NULL, NULL, NULL, '2026-01-23 23:04:06.791', '2026-01-23 23:04:06.791', '363e5d78-da2c-43b9-9865-2f23da5e2bbe');
INSERT INTO public.products (id, "bodegaId", name, description, subcategory, price, "discountPrice", stock, "isAvailable", images, unit, weight, "createdAt", "updatedAt", "categoryId") VALUES ('6a29afea-2e3a-4417-af88-79a472499ac2', 'a67acb11-3260-4f04-9d0b-3a817e02277a', 'Pechuga de Pollo lb', 'Pechuga de Pollo lb disponible en La Bodeguita del Centro', NULL, 3.86, NULL, 25, true, NULL, NULL, NULL, '2026-01-23 23:04:06.793', '2026-01-23 23:04:06.793', '50d4b344-d866-4806-8cd4-f764c8600edc');
INSERT INTO public.products (id, "bodegaId", name, description, subcategory, price, "discountPrice", stock, "isAvailable", images, unit, weight, "createdAt", "updatedAt", "categoryId") VALUES ('cd82f557-cb19-4708-a134-a6a4c3276bde', 'a67acb11-3260-4f04-9d0b-3a817e02277a', 'Salchicha Oscar Mayer', 'Salchicha Oscar Mayer disponible en La Bodeguita del Centro', NULL, 4.47, NULL, 111, false, NULL, NULL, NULL, '2026-01-23 23:04:06.793', '2026-01-23 23:04:06.793', '50d4b344-d866-4806-8cd4-f764c8600edc');
INSERT INTO public.products (id, "bodegaId", name, description, subcategory, price, "discountPrice", stock, "isAvailable", images, unit, weight, "createdAt", "updatedAt", "categoryId") VALUES ('d1b02520-8343-4b43-9a3c-344e2c49970d', 'a67acb11-3260-4f04-9d0b-3a817e02277a', 'Salami Induveca', 'Salami Induveca disponible en La Bodeguita del Centro', NULL, 4.29, NULL, 62, true, NULL, NULL, NULL, '2026-01-23 23:04:06.794', '2026-01-23 23:04:06.794', '50d4b344-d866-4806-8cd4-f764c8600edc');
INSERT INTO public.products (id, "bodegaId", name, description, subcategory, price, "discountPrice", stock, "isAvailable", images, unit, weight, "createdAt", "updatedAt", "categoryId") VALUES ('820d27c0-43ad-48ac-8307-54cbf706805b', 'a67acb11-3260-4f04-9d0b-3a817e02277a', 'Jamón Ahumado', 'Jamón Ahumado disponible en La Bodeguita del Centro', NULL, 6.14, NULL, 18, true, NULL, NULL, NULL, '2026-01-23 23:04:06.795', '2026-01-23 23:04:06.795', '50d4b344-d866-4806-8cd4-f764c8600edc');
INSERT INTO public.products (id, "bodegaId", name, description, subcategory, price, "discountPrice", stock, "isAvailable", images, unit, weight, "createdAt", "updatedAt", "categoryId") VALUES ('66b674dd-bd77-40b3-aa98-44a795d96fb3', 'a67acb11-3260-4f04-9d0b-3a817e02277a', 'Queso Cheddar', 'Queso Cheddar disponible en La Bodeguita del Centro', NULL, 4.96, NULL, 37, true, NULL, NULL, NULL, '2026-01-23 23:04:06.796', '2026-01-23 23:04:06.796', '734450ad-2e08-4a6b-b67a-de4cb4df5809');
INSERT INTO public.products (id, "bodegaId", name, description, subcategory, price, "discountPrice", stock, "isAvailable", images, unit, weight, "createdAt", "updatedAt", "categoryId") VALUES ('590a8047-d585-46ba-a17d-5950f78248bf', 'a67acb11-3260-4f04-9d0b-3a817e02277a', 'Leche Rica Entera', 'Leche Rica Entera disponible en La Bodeguita del Centro', NULL, 3.76, NULL, 70, true, NULL, NULL, NULL, '2026-01-23 23:04:06.797', '2026-01-23 23:04:06.797', '734450ad-2e08-4a6b-b67a-de4cb4df5809');
INSERT INTO public.products (id, "bodegaId", name, description, subcategory, price, "discountPrice", stock, "isAvailable", images, unit, weight, "createdAt", "updatedAt", "categoryId") VALUES ('75e02250-f34a-45b8-b2e7-28b20bbccd53', 'a67acb11-3260-4f04-9d0b-3a817e02277a', 'Mantequilla Rica', 'Mantequilla Rica disponible en La Bodeguita del Centro', NULL, 3.53, NULL, 117, true, NULL, NULL, NULL, '2026-01-23 23:04:06.798', '2026-01-23 23:04:06.798', '734450ad-2e08-4a6b-b67a-de4cb4df5809');
INSERT INTO public.products (id, "bodegaId", name, description, subcategory, price, "discountPrice", stock, "isAvailable", images, unit, weight, "createdAt", "updatedAt", "categoryId") VALUES ('ea434505-57e6-4e33-be68-78fd38616c44', 'a67acb11-3260-4f04-9d0b-3a817e02277a', 'Pasta Barilla Spaghetti', 'Pasta Barilla Spaghetti disponible en La Bodeguita del Centro', NULL, 2.89, NULL, 155, true, NULL, NULL, NULL, '2026-01-23 23:04:06.799', '2026-01-23 23:04:06.799', 'a49aa7c6-8820-4a49-9ddf-52d634e82a2d');
INSERT INTO public.products (id, "bodegaId", name, description, subcategory, price, "discountPrice", stock, "isAvailable", images, unit, weight, "createdAt", "updatedAt", "categoryId") VALUES ('d1133e37-c447-40e2-bdd3-95b59ea85b61', 'a67acb11-3260-4f04-9d0b-3a817e02277a', 'Pasta Allegra Coditos', 'Pasta Allegra Coditos disponible en La Bodeguita del Centro', NULL, 2.1, NULL, 27, true, NULL, NULL, NULL, '2026-01-23 23:04:06.8', '2026-01-23 23:04:06.8', 'a49aa7c6-8820-4a49-9ddf-52d634e82a2d');
INSERT INTO public.products (id, "bodegaId", name, description, subcategory, price, "discountPrice", stock, "isAvailable", images, unit, weight, "createdAt", "updatedAt", "categoryId") VALUES ('8c40aaee-17e5-4507-8f79-50f8e9b12ddc', 'a67acb11-3260-4f04-9d0b-3a817e02277a', 'Pan Sobao', 'Pan Sobao disponible en La Bodeguita del Centro', NULL, 2.09, NULL, 119, true, NULL, NULL, NULL, '2026-01-23 23:04:06.801', '2026-01-23 23:04:06.801', 'ba00d1d4-dbc2-4606-9cfb-178621ee7062');
INSERT INTO public.products (id, "bodegaId", name, description, subcategory, price, "discountPrice", stock, "isAvailable", images, unit, weight, "createdAt", "updatedAt", "categoryId") VALUES ('dcc10c99-189f-44dd-82ff-d16a803da1dd', 'a67acb11-3260-4f04-9d0b-3a817e02277a', 'Bizcocho Dominicano', 'Bizcocho Dominicano disponible en La Bodeguita del Centro', NULL, 9.22, NULL, 43, false, NULL, NULL, NULL, '2026-01-23 23:04:06.802', '2026-01-23 23:04:06.802', 'ba00d1d4-dbc2-4606-9cfb-178621ee7062');
INSERT INTO public.products (id, "bodegaId", name, description, subcategory, price, "discountPrice", stock, "isAvailable", images, unit, weight, "createdAt", "updatedAt", "categoryId") VALUES ('482c3224-d2f6-4c10-917f-15133f55d7a5', 'a67acb11-3260-4f04-9d0b-3a817e02277a', 'Jabón Palmolive', 'Jabón Palmolive disponible en La Bodeguita del Centro', NULL, 1.94, NULL, 15, true, NULL, NULL, NULL, '2026-01-23 23:04:06.803', '2026-01-23 23:04:06.803', 'd5cc5024-b189-4ed6-831f-86b84a0147e3');
INSERT INTO public.products (id, "bodegaId", name, description, subcategory, price, "discountPrice", stock, "isAvailable", images, unit, weight, "createdAt", "updatedAt", "categoryId") VALUES ('93cbb90c-f524-4dcb-89f9-3b7616a66833', 'a67acb11-3260-4f04-9d0b-3a817e02277a', 'Toallas Sanitarias', 'Toallas Sanitarias disponible en La Bodeguita del Centro', NULL, 6.18, NULL, 122, true, NULL, NULL, NULL, '2026-01-23 23:04:06.804', '2026-01-23 23:04:06.804', 'd5cc5024-b189-4ed6-831f-86b84a0147e3');
INSERT INTO public.products (id, "bodegaId", name, description, subcategory, price, "discountPrice", stock, "isAvailable", images, unit, weight, "createdAt", "updatedAt", "categoryId") VALUES ('aead1696-f5b7-4c21-8a6e-4fff8e2aff49', 'a67acb11-3260-4f04-9d0b-3a817e02277a', 'Shampoo Head & Shoulders', 'Shampoo Head & Shoulders disponible en La Bodeguita del Centro', NULL, 8.24, NULL, 59, true, NULL, NULL, NULL, '2026-01-23 23:04:06.806', '2026-01-23 23:04:06.806', 'd5cc5024-b189-4ed6-831f-86b84a0147e3');
INSERT INTO public.products (id, "bodegaId", name, description, subcategory, price, "discountPrice", stock, "isAvailable", images, unit, weight, "createdAt", "updatedAt", "categoryId") VALUES ('608e3eeb-5057-4369-bccf-ba95d1ce6df9', 'a67acb11-3260-4f04-9d0b-3a817e02277a', 'Cerveza Corona', 'Cerveza Corona disponible en La Bodeguita del Centro', NULL, 3, NULL, 24, true, NULL, NULL, NULL, '2026-01-23 23:04:06.807', '2026-01-23 23:04:06.807', 'a779e13a-36c8-497e-8408-efe3b6f52ef7');
INSERT INTO public.products (id, "bodegaId", name, description, subcategory, price, "discountPrice", stock, "isAvailable", images, unit, weight, "createdAt", "updatedAt", "categoryId") VALUES ('f7bd2f8b-286b-4c32-96b1-204481be03ab', 'a67acb11-3260-4f04-9d0b-3a817e02277a', 'Ron Barceló Añejo', 'Ron Barceló Añejo disponible en La Bodeguita del Centro', NULL, 21.08, NULL, 38, true, NULL, NULL, NULL, '2026-01-23 23:04:06.809', '2026-01-23 23:04:06.809', 'a779e13a-36c8-497e-8408-efe3b6f52ef7');
INSERT INTO public.products (id, "bodegaId", name, description, subcategory, price, "discountPrice", stock, "isAvailable", images, unit, weight, "createdAt", "updatedAt", "categoryId") VALUES ('3191464c-51bf-4a6a-a84d-80e43751ef7b', 'a67acb11-3260-4f04-9d0b-3a817e02277a', 'Cerveza Bohemia', 'Cerveza Bohemia disponible en La Bodeguita del Centro', NULL, 3, NULL, 45, true, NULL, NULL, NULL, '2026-01-23 23:04:06.813', '2026-01-23 23:04:06.813', 'a779e13a-36c8-497e-8408-efe3b6f52ef7');
INSERT INTO public.products (id, "bodegaId", name, description, subcategory, price, "discountPrice", stock, "isAvailable", images, unit, weight, "createdAt", "updatedAt", "categoryId") VALUES ('09df7bfc-54db-4c54-b114-39c5ed42dcdb', 'd6c96985-35cf-4a9f-bb7b-6faef9b3600d', 'Cerveza Presidente', 'Cerveza Presidente disponible en Colmado Villa Mella Express', NULL, 2.33, NULL, 26, true, NULL, NULL, NULL, '2026-01-23 23:04:06.814', '2026-01-23 23:04:06.814', 'a779e13a-36c8-497e-8408-efe3b6f52ef7');
INSERT INTO public.products (id, "bodegaId", name, description, subcategory, price, "discountPrice", stock, "isAvailable", images, unit, weight, "createdAt", "updatedAt", "categoryId") VALUES ('ae2185d1-d915-4771-b007-068f4b54e95f', 'd6c96985-35cf-4a9f-bb7b-6faef9b3600d', 'Leche Evaporada', 'Leche Evaporada disponible en Colmado Villa Mella Express', NULL, 1.8, NULL, 123, false, NULL, NULL, NULL, '2026-01-23 23:04:06.816', '2026-01-23 23:04:06.816', '297422a4-5a6a-4b16-924d-da3e247d81fe');
INSERT INTO public.products (id, "bodegaId", name, description, subcategory, price, "discountPrice", stock, "isAvailable", images, unit, weight, "createdAt", "updatedAt", "categoryId") VALUES ('a63d4089-2478-473a-8c8d-c50f93721dd2', 'd6c96985-35cf-4a9f-bb7b-6faef9b3600d', 'Atún Van Camps', 'Atún Van Camps disponible en Colmado Villa Mella Express', NULL, 2.39, NULL, 81, true, NULL, NULL, NULL, '2026-01-23 23:04:06.817', '2026-01-23 23:04:06.817', '297422a4-5a6a-4b16-924d-da3e247d81fe');
INSERT INTO public.products (id, "bodegaId", name, description, subcategory, price, "discountPrice", stock, "isAvailable", images, unit, weight, "createdAt", "updatedAt", "categoryId") VALUES ('3ccbbf16-2942-4839-9c47-201d15d2ade9', 'd6c96985-35cf-4a9f-bb7b-6faef9b3600d', 'Desinfectante Lysol', 'Desinfectante Lysol disponible en Colmado Villa Mella Express', NULL, 7.11, NULL, 93, true, NULL, NULL, NULL, '2026-01-23 23:04:06.819', '2026-01-23 23:04:06.819', '703fe3cb-35a5-46a9-83bd-16bf2741a3e9');
INSERT INTO public.products (id, "bodegaId", name, description, subcategory, price, "discountPrice", stock, "isAvailable", images, unit, weight, "createdAt", "updatedAt", "categoryId") VALUES ('6a87738c-116b-48cd-9d72-cb87b3b412b7', 'd6c96985-35cf-4a9f-bb7b-6faef9b3600d', 'Detergente Ace 1kg', 'Detergente Ace 1kg disponible en Colmado Villa Mella Express', NULL, 5.2, NULL, 44, true, NULL, NULL, NULL, '2026-01-23 23:04:06.821', '2026-01-23 23:04:06.821', '703fe3cb-35a5-46a9-83bd-16bf2741a3e9');
INSERT INTO public.products (id, "bodegaId", name, description, subcategory, price, "discountPrice", stock, "isAvailable", images, unit, weight, "createdAt", "updatedAt", "categoryId") VALUES ('1ce26cb8-39e6-4abb-8de4-b345924923b6', 'd6c96985-35cf-4a9f-bb7b-6faef9b3600d', 'Jabón de Cuaba', 'Jabón de Cuaba disponible en Colmado Villa Mella Express', NULL, 1.81, NULL, 78, true, NULL, NULL, NULL, '2026-01-23 23:04:06.823', '2026-01-23 23:04:06.823', '703fe3cb-35a5-46a9-83bd-16bf2741a3e9');
INSERT INTO public.products (id, "bodegaId", name, description, subcategory, price, "discountPrice", stock, "isAvailable", images, unit, weight, "createdAt", "updatedAt", "categoryId") VALUES ('8a81477b-9378-41e7-969d-e15cf3082510', 'd6c96985-35cf-4a9f-bb7b-6faef9b3600d', 'Gatorade', 'Gatorade disponible en Colmado Villa Mella Express', NULL, 2.86, NULL, 118, true, NULL, NULL, NULL, '2026-01-23 23:04:06.824', '2026-01-23 23:04:06.824', '363e5d78-da2c-43b9-9865-2f23da5e2bbe');
INSERT INTO public.products (id, "bodegaId", name, description, subcategory, price, "discountPrice", stock, "isAvailable", images, unit, weight, "createdAt", "updatedAt", "categoryId") VALUES ('46572671-30f8-42cc-a21b-8f0c138214f9', 'd6c96985-35cf-4a9f-bb7b-6faef9b3600d', 'Pepsi 2L', 'Pepsi 2L disponible en Colmado Villa Mella Express', NULL, 3.27, NULL, 80, false, NULL, NULL, NULL, '2026-01-23 23:04:06.825', '2026-01-23 23:04:06.825', '363e5d78-da2c-43b9-9865-2f23da5e2bbe');
INSERT INTO public.products (id, "bodegaId", name, description, subcategory, price, "discountPrice", stock, "isAvailable", images, unit, weight, "createdAt", "updatedAt", "categoryId") VALUES ('93240d77-12a2-4289-b666-0ae7a81ca2bf', 'd6c96985-35cf-4a9f-bb7b-6faef9b3600d', 'Café Santo Domingo 1lb', 'Café Santo Domingo 1lb disponible en Colmado Villa Mella Express', NULL, 6.52, NULL, 43, true, NULL, NULL, NULL, '2026-01-23 23:04:06.826', '2026-01-23 23:04:06.826', '363e5d78-da2c-43b9-9865-2f23da5e2bbe');
INSERT INTO public.products (id, "bodegaId", name, description, subcategory, price, "discountPrice", stock, "isAvailable", images, unit, weight, "createdAt", "updatedAt", "categoryId") VALUES ('cdd7af04-8803-453f-9de2-2b34d1c1e853', 'd6c96985-35cf-4a9f-bb7b-6faef9b3600d', 'Agua Crystal 1gal', 'Agua Crystal 1gal disponible en Colmado Villa Mella Express', NULL, 1.62, NULL, 153, true, NULL, NULL, NULL, '2026-01-23 23:04:06.827', '2026-01-23 23:04:06.827', '363e5d78-da2c-43b9-9865-2f23da5e2bbe');
INSERT INTO public.products (id, "bodegaId", name, description, subcategory, price, "discountPrice", stock, "isAvailable", images, unit, weight, "createdAt", "updatedAt", "categoryId") VALUES ('7c8ec5b3-fb90-4c28-addd-285f64d26790', 'd6c96985-35cf-4a9f-bb7b-6faef9b3600d', 'Limones (6)', 'Limones (6) disponible en Colmado Villa Mella Express', NULL, 2.12, NULL, 25, true, NULL, NULL, NULL, '2026-01-23 23:04:06.828', '2026-01-23 23:04:06.828', 'bd4f1ba4-21ef-44e4-8b11-4518c2684304');
INSERT INTO public.products (id, "bodegaId", name, description, subcategory, price, "discountPrice", stock, "isAvailable", images, unit, weight, "createdAt", "updatedAt", "categoryId") VALUES ('e0ae2cdd-77e7-430f-9fe0-e8c21eceba97', 'd6c96985-35cf-4a9f-bb7b-6faef9b3600d', 'Guineos Maduros (5)', 'Guineos Maduros (5) disponible en Colmado Villa Mella Express', NULL, 2.07, NULL, 119, true, NULL, NULL, NULL, '2026-01-23 23:04:06.829', '2026-01-23 23:04:06.829', 'bd4f1ba4-21ef-44e4-8b11-4518c2684304');
INSERT INTO public.products (id, "bodegaId", name, description, subcategory, price, "discountPrice", stock, "isAvailable", images, unit, weight, "createdAt", "updatedAt", "categoryId") VALUES ('cc4e0707-e405-422a-9713-000f1ee76bf2', 'd6c96985-35cf-4a9f-bb7b-6faef9b3600d', 'Aguacate', 'Aguacate disponible en Colmado Villa Mella Express', NULL, 1.43, NULL, 159, true, NULL, NULL, NULL, '2026-01-23 23:04:06.83', '2026-01-23 23:04:06.83', 'bd4f1ba4-21ef-44e4-8b11-4518c2684304');
INSERT INTO public.products (id, "bodegaId", name, description, subcategory, price, "discountPrice", stock, "isAvailable", images, unit, weight, "createdAt", "updatedAt", "categoryId") VALUES ('38cc608a-f806-42e8-9822-b449534d5467', 'd6c96985-35cf-4a9f-bb7b-6faef9b3600d', 'Salami Induveca', 'Salami Induveca disponible en Colmado Villa Mella Express', NULL, 4.18, NULL, 137, false, NULL, NULL, NULL, '2026-01-23 23:04:06.831', '2026-01-23 23:04:06.831', '50d4b344-d866-4806-8cd4-f764c8600edc');
INSERT INTO public.products (id, "bodegaId", name, description, subcategory, price, "discountPrice", stock, "isAvailable", images, unit, weight, "createdAt", "updatedAt", "categoryId") VALUES ('bd551795-8a8f-4fb8-bf80-c355bfa87303', 'd6c96985-35cf-4a9f-bb7b-6faef9b3600d', 'Salchicha Oscar Mayer', 'Salchicha Oscar Mayer disponible en Colmado Villa Mella Express', NULL, 4.43, NULL, 61, true, NULL, NULL, NULL, '2026-01-23 23:04:06.832', '2026-01-23 23:04:06.832', '50d4b344-d866-4806-8cd4-f764c8600edc');
INSERT INTO public.products (id, "bodegaId", name, description, subcategory, price, "discountPrice", stock, "isAvailable", images, unit, weight, "createdAt", "updatedAt", "categoryId") VALUES ('6205c07d-13bb-4fef-bb20-fcf7f6f551e7', 'd6c96985-35cf-4a9f-bb7b-6faef9b3600d', 'Jamón Ahumado', 'Jamón Ahumado disponible en Colmado Villa Mella Express', NULL, 6.67, NULL, 107, true, NULL, NULL, NULL, '2026-01-23 23:04:06.833', '2026-01-23 23:04:06.833', '50d4b344-d866-4806-8cd4-f764c8600edc');
INSERT INTO public.products (id, "bodegaId", name, description, subcategory, price, "discountPrice", stock, "isAvailable", images, unit, weight, "createdAt", "updatedAt", "categoryId") VALUES ('54f412d3-54be-49eb-beee-1db73c6823cd', 'd6c96985-35cf-4a9f-bb7b-6faef9b3600d', 'Chorizo Español', 'Chorizo Español disponible en Colmado Villa Mella Express', NULL, 7.84, NULL, 30, true, NULL, NULL, NULL, '2026-01-23 23:04:06.835', '2026-01-23 23:04:06.835', '50d4b344-d866-4806-8cd4-f764c8600edc');
INSERT INTO public.products (id, "bodegaId", name, description, subcategory, price, "discountPrice", stock, "isAvailable", images, unit, weight, "createdAt", "updatedAt", "categoryId") VALUES ('5a7aed96-770b-4f6c-bd96-75e0fcc58d0e', 'd6c96985-35cf-4a9f-bb7b-6faef9b3600d', 'Detergente Fab 2kg', 'Detergente Fab 2kg disponible en Colmado Villa Mella Express', NULL, 8.11, NULL, 152, true, NULL, NULL, NULL, '2026-01-23 23:04:06.82', '2026-01-24 00:03:55.61', '703fe3cb-35a5-46a9-83bd-16bf2741a3e9');
INSERT INTO public.products (id, "bodegaId", name, description, subcategory, price, "discountPrice", stock, "isAvailable", images, unit, weight, "createdAt", "updatedAt", "categoryId") VALUES ('76090dcc-d718-43a6-9a56-5d170d2be148', 'd6c96985-35cf-4a9f-bb7b-6faef9b3600d', 'Croissants (4)', 'Croissants (4) disponible en Colmado Villa Mella Express', NULL, 5.65, NULL, 104, true, NULL, NULL, NULL, '2026-01-23 23:04:06.836', '2026-01-23 23:04:06.836', 'ba00d1d4-dbc2-4606-9cfb-178621ee7062');
INSERT INTO public.products (id, "bodegaId", name, description, subcategory, price, "discountPrice", stock, "isAvailable", images, unit, weight, "createdAt", "updatedAt", "categoryId") VALUES ('dfbb9b15-5318-4aab-ad77-afca5f1b3f0f', 'd6c96985-35cf-4a9f-bb7b-6faef9b3600d', 'Pan Sobao', 'Pan Sobao disponible en Colmado Villa Mella Express', NULL, 2.27, NULL, 62, true, NULL, NULL, NULL, '2026-01-23 23:04:06.837', '2026-01-23 23:04:06.837', 'ba00d1d4-dbc2-4606-9cfb-178621ee7062');
INSERT INTO public.products (id, "bodegaId", name, description, subcategory, price, "discountPrice", stock, "isAvailable", images, unit, weight, "createdAt", "updatedAt", "categoryId") VALUES ('347d37f9-22ab-465d-8245-874b2ce2aa3b', 'd6c96985-35cf-4a9f-bb7b-6faef9b3600d', 'Pan de Agua', 'Pan de Agua disponible en Colmado Villa Mella Express', NULL, 1.33, NULL, 12, true, NULL, NULL, NULL, '2026-01-23 23:04:06.838', '2026-01-23 23:04:06.838', 'ba00d1d4-dbc2-4606-9cfb-178621ee7062');
INSERT INTO public.products (id, "bodegaId", name, description, subcategory, price, "discountPrice", stock, "isAvailable", images, unit, weight, "createdAt", "updatedAt", "categoryId") VALUES ('e84426d6-10b4-43b6-9447-10b9623b59b0', 'd6c96985-35cf-4a9f-bb7b-6faef9b3600d', 'Pasta Dental Colgate', 'Pasta Dental Colgate disponible en Colmado Villa Mella Express', NULL, 3.08, NULL, 132, true, NULL, NULL, NULL, '2026-01-23 23:04:06.839', '2026-01-23 23:04:06.839', 'd5cc5024-b189-4ed6-831f-86b84a0147e3');
INSERT INTO public.products (id, "bodegaId", name, description, subcategory, price, "discountPrice", stock, "isAvailable", images, unit, weight, "createdAt", "updatedAt", "categoryId") VALUES ('0c27f6fb-9f54-4722-b701-070de2ee74ad', 'd6c96985-35cf-4a9f-bb7b-6faef9b3600d', 'Papel Higiénico (4)', 'Papel Higiénico (4) disponible en Colmado Villa Mella Express', NULL, 5.15, NULL, 145, true, NULL, NULL, NULL, '2026-01-23 23:04:06.841', '2026-01-23 23:04:06.841', 'd5cc5024-b189-4ed6-831f-86b84a0147e3');
INSERT INTO public.products (id, "bodegaId", name, description, subcategory, price, "discountPrice", stock, "isAvailable", images, unit, weight, "createdAt", "updatedAt", "categoryId") VALUES ('05520a46-dd27-4b58-93bf-e4f157dfbc22', 'd6c96985-35cf-4a9f-bb7b-6faef9b3600d', 'Desodorante Dove', 'Desodorante Dove disponible en Colmado Villa Mella Express', NULL, 4.71, NULL, 138, true, NULL, NULL, NULL, '2026-01-23 23:04:06.842', '2026-01-23 23:04:06.842', 'd5cc5024-b189-4ed6-831f-86b84a0147e3');
INSERT INTO public.products (id, "bodegaId", name, description, subcategory, price, "discountPrice", stock, "isAvailable", images, unit, weight, "createdAt", "updatedAt", "categoryId") VALUES ('f44ff1c3-cb84-4233-b3cd-0e4edfe9d4d0', 'd6c96985-35cf-4a9f-bb7b-6faef9b3600d', 'Shampoo Head & Shoulders', 'Shampoo Head & Shoulders disponible en Colmado Villa Mella Express', NULL, 7.21, NULL, 128, true, NULL, NULL, NULL, '2026-01-23 23:04:06.843', '2026-01-23 23:04:06.843', 'd5cc5024-b189-4ed6-831f-86b84a0147e3');
INSERT INTO public.products (id, "bodegaId", name, description, subcategory, price, "discountPrice", stock, "isAvailable", images, unit, weight, "createdAt", "updatedAt", "categoryId") VALUES ('86d306f8-61dd-4afc-967b-cda78e8b7262', 'f41159af-9295-4944-b7df-ce7c03f9f488', 'Donas (6)', 'Donas (6) disponible en Supermercado Los Alcarrizos', NULL, 4.37, NULL, 88, true, NULL, NULL, NULL, '2026-01-23 23:04:06.844', '2026-01-23 23:04:06.844', 'ba00d1d4-dbc2-4606-9cfb-178621ee7062');
INSERT INTO public.products (id, "bodegaId", name, description, subcategory, price, "discountPrice", stock, "isAvailable", images, unit, weight, "createdAt", "updatedAt", "categoryId") VALUES ('91446ac2-011c-4761-87d2-3f262cca1537', 'f41159af-9295-4944-b7df-ce7c03f9f488', 'Croissants (4)', 'Croissants (4) disponible en Supermercado Los Alcarrizos', NULL, 6.25, NULL, 158, true, NULL, NULL, NULL, '2026-01-23 23:04:06.845', '2026-01-23 23:04:06.845', 'ba00d1d4-dbc2-4606-9cfb-178621ee7062');
INSERT INTO public.products (id, "bodegaId", name, description, subcategory, price, "discountPrice", stock, "isAvailable", images, unit, weight, "createdAt", "updatedAt", "categoryId") VALUES ('c0199ba0-cff8-474f-baa0-1e660b92c24b', 'f41159af-9295-4944-b7df-ce7c03f9f488', 'Arroz La Garza 5lb', 'Arroz La Garza 5lb disponible en Supermercado Los Alcarrizos', NULL, 7.5, NULL, 24, false, NULL, NULL, NULL, '2026-01-23 23:04:06.847', '2026-01-23 23:04:06.847', '7288579e-ab56-4bf2-a520-0a236e7b5279');
INSERT INTO public.products (id, "bodegaId", name, description, subcategory, price, "discountPrice", stock, "isAvailable", images, unit, weight, "createdAt", "updatedAt", "categoryId") VALUES ('4d7168fa-604c-4ef2-b986-4cf6ca5698ac', 'f41159af-9295-4944-b7df-ce7c03f9f488', 'Lentejas 1lb', 'Lentejas 1lb disponible en Supermercado Los Alcarrizos', NULL, 1.87, NULL, 33, true, NULL, NULL, NULL, '2026-01-23 23:04:06.848', '2026-01-23 23:04:06.848', '7288579e-ab56-4bf2-a520-0a236e7b5279');
INSERT INTO public.products (id, "bodegaId", name, description, subcategory, price, "discountPrice", stock, "isAvailable", images, unit, weight, "createdAt", "updatedAt", "categoryId") VALUES ('679a66e0-7810-4995-9e71-e4879faab1f3', 'f41159af-9295-4944-b7df-ce7c03f9f488', 'Habichuelas Rojas 1lb', 'Habichuelas Rojas 1lb disponible en Supermercado Los Alcarrizos', NULL, 2.49, NULL, 149, false, NULL, NULL, NULL, '2026-01-23 23:04:06.849', '2026-01-23 23:04:06.849', '7288579e-ab56-4bf2-a520-0a236e7b5279');
INSERT INTO public.products (id, "bodegaId", name, description, subcategory, price, "discountPrice", stock, "isAvailable", images, unit, weight, "createdAt", "updatedAt", "categoryId") VALUES ('1d3d1110-3fbe-4a3b-bc6c-1a9f8ac7bab6', 'f41159af-9295-4944-b7df-ce7c03f9f488', 'Cloro Bravo 1gal', 'Cloro Bravo 1gal disponible en Supermercado Los Alcarrizos', NULL, 3.13, NULL, 125, true, NULL, NULL, NULL, '2026-01-23 23:04:06.85', '2026-01-23 23:04:06.85', '703fe3cb-35a5-46a9-83bd-16bf2741a3e9');
INSERT INTO public.products (id, "bodegaId", name, description, subcategory, price, "discountPrice", stock, "isAvailable", images, unit, weight, "createdAt", "updatedAt", "categoryId") VALUES ('204c59d4-4d16-47eb-8f4f-a148fdbc72be', 'f41159af-9295-4944-b7df-ce7c03f9f488', 'Desinfectante Lysol', 'Desinfectante Lysol disponible en Supermercado Los Alcarrizos', NULL, 5.95, NULL, 15, true, NULL, NULL, NULL, '2026-01-23 23:04:06.851', '2026-01-23 23:04:06.851', '703fe3cb-35a5-46a9-83bd-16bf2741a3e9');
INSERT INTO public.products (id, "bodegaId", name, description, subcategory, price, "discountPrice", stock, "isAvailable", images, unit, weight, "createdAt", "updatedAt", "categoryId") VALUES ('c085c1ef-3af6-45b9-95b0-799f2f8308b9', 'f41159af-9295-4944-b7df-ce7c03f9f488', 'Esponja Scotch-Brite', 'Esponja Scotch-Brite disponible en Supermercado Los Alcarrizos', NULL, 2.19, NULL, 158, false, NULL, NULL, NULL, '2026-01-23 23:04:06.852', '2026-01-23 23:04:06.852', '703fe3cb-35a5-46a9-83bd-16bf2741a3e9');
INSERT INTO public.products (id, "bodegaId", name, description, subcategory, price, "discountPrice", stock, "isAvailable", images, unit, weight, "createdAt", "updatedAt", "categoryId") VALUES ('54af2280-c167-4c60-a4e1-5eb83d6e67d8', 'f41159af-9295-4944-b7df-ce7c03f9f488', 'Leche Milex 1L', 'Leche Milex 1L disponible en Supermercado Los Alcarrizos', NULL, 3.65, NULL, 66, true, NULL, NULL, NULL, '2026-01-23 23:04:06.853', '2026-01-23 23:04:06.853', '734450ad-2e08-4a6b-b67a-de4cb4df5809');
INSERT INTO public.products (id, "bodegaId", name, description, subcategory, price, "discountPrice", stock, "isAvailable", images, unit, weight, "createdAt", "updatedAt", "categoryId") VALUES ('fcd9a006-1fbe-4291-adaa-839a643b831b', 'f41159af-9295-4944-b7df-ce7c03f9f488', 'Queso de Hoja', 'Queso de Hoja disponible en Supermercado Los Alcarrizos', NULL, 6.86, NULL, 18, false, NULL, NULL, NULL, '2026-01-23 23:04:06.854', '2026-01-23 23:04:06.854', '734450ad-2e08-4a6b-b67a-de4cb4df5809');
INSERT INTO public.products (id, "bodegaId", name, description, subcategory, price, "discountPrice", stock, "isAvailable", images, unit, weight, "createdAt", "updatedAt", "categoryId") VALUES ('b4c91f93-1bee-4ecb-a1c2-78e7a2fbaf81', 'f41159af-9295-4944-b7df-ce7c03f9f488', 'Tocino', 'Tocino disponible en Supermercado Los Alcarrizos', NULL, 7.82, NULL, 102, true, NULL, NULL, NULL, '2026-01-23 23:04:06.856', '2026-01-23 23:04:06.856', '50d4b344-d866-4806-8cd4-f764c8600edc');
INSERT INTO public.products (id, "bodegaId", name, description, subcategory, price, "discountPrice", stock, "isAvailable", images, unit, weight, "createdAt", "updatedAt", "categoryId") VALUES ('fb75b3b1-715e-4a04-9558-85a2dee233c4', 'f41159af-9295-4944-b7df-ce7c03f9f488', 'Carne Molida lb', 'Carne Molida lb disponible en Supermercado Los Alcarrizos', NULL, 4.49, NULL, 44, true, NULL, NULL, NULL, '2026-01-23 23:04:06.857', '2026-01-23 23:04:06.857', '50d4b344-d866-4806-8cd4-f764c8600edc');
INSERT INTO public.products (id, "bodegaId", name, description, subcategory, price, "discountPrice", stock, "isAvailable", images, unit, weight, "createdAt", "updatedAt", "categoryId") VALUES ('164461c6-0f56-49b6-85e9-1182c2dd54d1', 'f41159af-9295-4944-b7df-ce7c03f9f488', 'Pechuga de Pollo lb', 'Pechuga de Pollo lb disponible en Supermercado Los Alcarrizos', NULL, 4.53, NULL, 99, true, NULL, NULL, NULL, '2026-01-23 23:04:06.858', '2026-01-23 23:04:06.858', '50d4b344-d866-4806-8cd4-f764c8600edc');
INSERT INTO public.products (id, "bodegaId", name, description, subcategory, price, "discountPrice", stock, "isAvailable", images, unit, weight, "createdAt", "updatedAt", "categoryId") VALUES ('b70e1e84-c456-4370-9d27-6bfcea82cacd', 'f41159af-9295-4944-b7df-ce7c03f9f488', 'Sardinas en Salsa', 'Sardinas en Salsa disponible en Supermercado Los Alcarrizos', NULL, 1.96, NULL, 78, true, NULL, NULL, NULL, '2026-01-23 23:04:06.859', '2026-01-23 23:04:06.859', '297422a4-5a6a-4b16-924d-da3e247d81fe');
INSERT INTO public.products (id, "bodegaId", name, description, subcategory, price, "discountPrice", stock, "isAvailable", images, unit, weight, "createdAt", "updatedAt", "categoryId") VALUES ('1ef51ba9-0327-4560-b630-b9c0d0a004e4', 'f41159af-9295-4944-b7df-ce7c03f9f488', 'Atún Van Camps', 'Atún Van Camps disponible en Supermercado Los Alcarrizos', NULL, 2.39, NULL, 99, true, NULL, NULL, NULL, '2026-01-23 23:04:06.86', '2026-01-23 23:04:06.86', '297422a4-5a6a-4b16-924d-da3e247d81fe');
INSERT INTO public.products (id, "bodegaId", name, description, subcategory, price, "discountPrice", stock, "isAvailable", images, unit, weight, "createdAt", "updatedAt", "categoryId") VALUES ('a421327e-32ed-49ac-b258-aa22757cc014', 'f41159af-9295-4944-b7df-ce7c03f9f488', 'Maíz Dulce', 'Maíz Dulce disponible en Supermercado Los Alcarrizos', NULL, 1.6, NULL, 144, true, NULL, NULL, NULL, '2026-01-23 23:04:06.862', '2026-01-23 23:04:06.862', '297422a4-5a6a-4b16-924d-da3e247d81fe');
INSERT INTO public.products (id, "bodegaId", name, description, subcategory, price, "discountPrice", stock, "isAvailable", images, unit, weight, "createdAt", "updatedAt", "categoryId") VALUES ('20a33411-aad3-499a-bd6b-3adea31eff5c', 'f41159af-9295-4944-b7df-ce7c03f9f488', 'Lasaña Barilla', 'Lasaña Barilla disponible en Supermercado Los Alcarrizos', NULL, 4.59, NULL, 88, true, NULL, NULL, NULL, '2026-01-23 23:04:06.863', '2026-01-23 23:04:06.863', 'a49aa7c6-8820-4a49-9ddf-52d634e82a2d');
INSERT INTO public.products (id, "bodegaId", name, description, subcategory, price, "discountPrice", stock, "isAvailable", images, unit, weight, "createdAt", "updatedAt", "categoryId") VALUES ('829c4602-59c9-4d9f-866e-b2b5743741a8', 'f41159af-9295-4944-b7df-ce7c03f9f488', 'Pasta Angel Hair', 'Pasta Angel Hair disponible en Supermercado Los Alcarrizos', NULL, 3.16, NULL, 135, false, NULL, NULL, NULL, '2026-01-23 23:04:06.864', '2026-01-23 23:04:06.864', 'a49aa7c6-8820-4a49-9ddf-52d634e82a2d');
INSERT INTO public.products (id, "bodegaId", name, description, subcategory, price, "discountPrice", stock, "isAvailable", images, unit, weight, "createdAt", "updatedAt", "categoryId") VALUES ('8de7d9db-c57b-424d-9ecc-77ae38c93799', 'f41159af-9295-4944-b7df-ce7c03f9f488', 'Pasta Barilla Spaghetti', 'Pasta Barilla Spaghetti disponible en Supermercado Los Alcarrizos', NULL, 3.25, NULL, 55, true, NULL, NULL, NULL, '2026-01-23 23:04:06.865', '2026-01-23 23:04:06.865', 'a49aa7c6-8820-4a49-9ddf-52d634e82a2d');
INSERT INTO public.products (id, "bodegaId", name, description, subcategory, price, "discountPrice", stock, "isAvailable", images, unit, weight, "createdAt", "updatedAt", "categoryId") VALUES ('e056b376-f257-4421-9717-afce2d3ceb44', 'f41159af-9295-4944-b7df-ce7c03f9f488', 'Aguacate', 'Aguacate disponible en Supermercado Los Alcarrizos', NULL, 1.49, NULL, 19, true, NULL, NULL, NULL, '2026-01-23 23:04:06.866', '2026-01-23 23:04:06.866', 'bd4f1ba4-21ef-44e4-8b11-4518c2684304');
INSERT INTO public.products (id, "bodegaId", name, description, subcategory, price, "discountPrice", stock, "isAvailable", images, unit, weight, "createdAt", "updatedAt", "categoryId") VALUES ('2951c0b2-1d31-4efa-908e-c51b65fa3f1c', 'f41159af-9295-4944-b7df-ce7c03f9f488', 'Tomates lb', 'Tomates lb disponible en Supermercado Los Alcarrizos', NULL, 2.83, NULL, 143, true, NULL, NULL, NULL, '2026-01-23 23:04:06.867', '2026-01-23 23:04:06.867', 'bd4f1ba4-21ef-44e4-8b11-4518c2684304');
INSERT INTO public.products (id, "bodegaId", name, description, subcategory, price, "discountPrice", stock, "isAvailable", images, unit, weight, "createdAt", "updatedAt", "categoryId") VALUES ('4ed37c04-09ab-485d-8573-314fa5363f5c', 'f41159af-9295-4944-b7df-ce7c03f9f488', 'Guineos Maduros (5)', 'Guineos Maduros (5) disponible en Supermercado Los Alcarrizos', NULL, 2.04, NULL, 61, true, NULL, NULL, NULL, '2026-01-23 23:04:06.868', '2026-01-23 23:04:06.868', 'bd4f1ba4-21ef-44e4-8b11-4518c2684304');
INSERT INTO public.products (id, "bodegaId", name, description, subcategory, price, "discountPrice", stock, "isAvailable", images, unit, weight, "createdAt", "updatedAt", "categoryId") VALUES ('b94c7dfe-f062-4d4e-9633-985924583a60', '73a8719c-2b2f-4b83-9ef5-c65cf115bc49', 'Suavizante Downy', 'Suavizante Downy disponible en Colmado La Esquina', NULL, 6.39, NULL, 103, true, NULL, NULL, NULL, '2026-01-23 23:04:06.66', '2026-01-23 23:17:04.995', '703fe3cb-35a5-46a9-83bd-16bf2741a3e9');
INSERT INTO public.products (id, "bodegaId", name, description, subcategory, price, "discountPrice", stock, "isAvailable", images, unit, weight, "createdAt", "updatedAt", "categoryId") VALUES ('9859c781-b2ed-4c26-a981-9442fffee71a', '317eda51-6a42-47fb-b77c-337f7d714631', 'Leche Rica Entera', 'Leche Rica Entera disponible en Supermercado Don Fello', NULL, 3.85, NULL, 141, true, NULL, NULL, NULL, '2026-01-23 23:04:06.629', '2026-01-23 23:40:55.311', '734450ad-2e08-4a6b-b67a-de4cb4df5809');
INSERT INTO public.products (id, "bodegaId", name, description, subcategory, price, "discountPrice", stock, "isAvailable", images, unit, weight, "createdAt", "updatedAt", "categoryId") VALUES ('df8c7ff1-a7c3-42f2-a0c9-8c65ff31392b', '72ce0b31-0d3d-4fee-84a0-f0e44cb50290', 'Refresco de Limón', 'Refresco de Limón disponible en Colmado Hermanos Díaz', NULL, 1.7, NULL, 150, true, NULL, NULL, NULL, '2026-01-23 23:04:06.737', '2026-01-23 23:45:40.929', '363e5d78-da2c-43b9-9865-2f23da5e2bbe');
INSERT INTO public.products (id, "bodegaId", name, description, subcategory, price, "discountPrice", stock, "isAvailable", images, unit, weight, "createdAt", "updatedAt", "categoryId") VALUES ('49deddf9-1623-49a8-b25f-81629ca75929', 'd6c96985-35cf-4a9f-bb7b-6faef9b3600d', 'Cerveza Corona', 'Cerveza Corona disponible en Colmado Villa Mella Express', NULL, 2.72, NULL, 87, true, NULL, NULL, NULL, '2026-01-23 23:04:06.815', '2026-01-24 00:03:55.607', 'a779e13a-36c8-497e-8408-efe3b6f52ef7');


--
-- Data for Name: order_items; Type: TABLE DATA; Schema: public; Owner: postgres
--

INSERT INTO public.order_items (id, "orderId", "productId", quantity, "unitPrice", subtotal, "productName", "productImage", "createdAt") VALUES ('494e8fd7-4012-4f97-be9d-ec76e4bf372c', '19136df1-249b-4306-93bc-2b860f74d011', 'b94c7dfe-f062-4d4e-9633-985924583a60', 1, 6.39, 6.39, 'Suavizante Downy', NULL, '2026-01-23 23:17:04.979');
INSERT INTO public.order_items (id, "orderId", "productId", quantity, "unitPrice", subtotal, "productName", "productImage", "createdAt") VALUES ('1132feed-7829-4d8c-8a0c-c144999549d7', '19136df1-249b-4306-93bc-2b860f74d011', '3f93fe22-691f-4af9-8d0b-ca1fb9a1cbc4', 1, 2.19, 2.19, 'Jabón de Cuaba', NULL, '2026-01-23 23:17:04.979');
INSERT INTO public.order_items (id, "orderId", "productId", quantity, "unitPrice", subtotal, "productName", "productImage", "createdAt") VALUES ('2bb5cbb8-6cf1-4c27-9d22-0a9be369a2a6', '55de97ab-fb3d-4cf2-88d2-c9e7e7b2a9cd', '9859c781-b2ed-4c26-a981-9442fffee71a', 1, 3.85, 3.85, 'Leche Rica Entera', NULL, '2026-01-23 23:40:55.3');
INSERT INTO public.order_items (id, "orderId", "productId", quantity, "unitPrice", subtotal, "productName", "productImage", "createdAt") VALUES ('4fc4bc3d-5f6c-424d-8cf6-4957a633a88a', '55de97ab-fb3d-4cf2-88d2-c9e7e7b2a9cd', 'bf17d049-f230-4058-a40d-c2a41787830e', 1, 6.24, 6.24, 'Queso de Hoja', NULL, '2026-01-23 23:40:55.3');
INSERT INTO public.order_items (id, "orderId", "productId", quantity, "unitPrice", subtotal, "productName", "productImage", "createdAt") VALUES ('71e9728f-69fd-47c2-904a-96a654fa585d', '459ae8a4-83c5-4383-a212-5b4c185af3e6', 'df8c7ff1-a7c3-42f2-a0c9-8c65ff31392b', 1, 1.7, 1.7, 'Refresco de Limón', NULL, '2026-01-23 23:45:40.916');
INSERT INTO public.order_items (id, "orderId", "productId", quantity, "unitPrice", subtotal, "productName", "productImage", "createdAt") VALUES ('b73bb965-0cbe-46bb-877a-9b870c643d68', '459ae8a4-83c5-4383-a212-5b4c185af3e6', '13d7febc-9076-4840-9af3-428d3cd14d7e', 1, 2.47, 2.47, 'Pepsi 2L', NULL, '2026-01-23 23:45:40.916');
INSERT INTO public.order_items (id, "orderId", "productId", quantity, "unitPrice", subtotal, "productName", "productImage", "createdAt") VALUES ('09972074-f348-4475-bc99-a2a7a7ffb1ce', '00f6fa48-0170-442d-b90c-f68341cf455c', '83e7e172-dbec-4bf2-ba30-44856aa004f0', 1, 3.89, 3.89, 'Leche Milex 1L', NULL, '2026-01-23 23:57:07.211');
INSERT INTO public.order_items (id, "orderId", "productId", quantity, "unitPrice", subtotal, "productName", "productImage", "createdAt") VALUES ('23ab50cf-25a7-46fb-930d-adf90e089fe3', '00f6fa48-0170-442d-b90c-f68341cf455c', 'bf17d049-f230-4058-a40d-c2a41787830e', 1, 6.24, 6.24, 'Queso de Hoja', NULL, '2026-01-23 23:57:07.211');
INSERT INTO public.order_items (id, "orderId", "productId", quantity, "unitPrice", subtotal, "productName", "productImage", "createdAt") VALUES ('f87d6c81-5e8c-48b4-89f9-b7f5bf66a0ea', 'cc2fda68-07f9-4eae-96b6-eec269237105', '49deddf9-1623-49a8-b25f-81629ca75929', 1, 2.72, 2.72, 'Cerveza Corona', NULL, '2026-01-24 00:03:55.594');
INSERT INTO public.order_items (id, "orderId", "productId", quantity, "unitPrice", subtotal, "productName", "productImage", "createdAt") VALUES ('9de13737-e380-4416-89a7-0287abe2e8e9', 'cc2fda68-07f9-4eae-96b6-eec269237105', '5a7aed96-770b-4f6c-bd96-75e0fcc58d0e', 1, 8.11, 8.11, 'Detergente Fab 2kg', NULL, '2026-01-24 00:03:55.594');
INSERT INTO public.order_items (id, "orderId", "productId", quantity, "unitPrice", subtotal, "productName", "productImage", "createdAt") VALUES ('d4b8e898-c218-4496-a0db-c2e68f75ff06', 'a29dd28f-443c-4dee-ba87-ebd578f1a41a', '83e7e172-dbec-4bf2-ba30-44856aa004f0', 1, 3.89, 3.89, 'Leche Milex 1L', NULL, '2026-01-24 00:36:27.379');
INSERT INTO public.order_items (id, "orderId", "productId", quantity, "unitPrice", subtotal, "productName", "productImage", "createdAt") VALUES ('5a770d2e-fc3b-4248-bdb0-073edd01c1b8', 'a29dd28f-443c-4dee-ba87-ebd578f1a41a', 'bf17d049-f230-4058-a40d-c2a41787830e', 2, 6.24, 12.48, 'Queso de Hoja', NULL, '2026-01-24 00:36:27.379');
INSERT INTO public.order_items (id, "orderId", "productId", quantity, "unitPrice", subtotal, "productName", "productImage", "createdAt") VALUES ('5bd188a5-662e-4a65-8944-de2d823181e2', '08b08f6b-3225-4c22-8353-b5ef37618d9b', 'af4bec02-84d5-4406-8884-cb7605fe3977', 1, 1.85, 1.85, 'Cebolla lb', NULL, '2026-02-03 01:44:33.623');
INSERT INTO public.order_items (id, "orderId", "productId", quantity, "unitPrice", subtotal, "productName", "productImage", "createdAt") VALUES ('422be3ad-c98a-4c23-b448-a0a711049a26', '08b08f6b-3225-4c22-8353-b5ef37618d9b', '83e7e172-dbec-4bf2-ba30-44856aa004f0', 1, 3.89, 3.89, 'Leche Milex 1L', NULL, '2026-02-03 01:44:33.623');
INSERT INTO public.order_items (id, "orderId", "productId", quantity, "unitPrice", subtotal, "productName", "productImage", "createdAt") VALUES ('e2271ff3-c3f5-483f-ba76-93107f42fdc7', '08b08f6b-3225-4c22-8353-b5ef37618d9b', 'bf17d049-f230-4058-a40d-c2a41787830e', 1, 6.24, 6.24, 'Queso de Hoja', NULL, '2026-02-03 01:44:33.623');


--
-- Data for Name: payments; Type: TABLE DATA; Schema: public; Owner: postgres
--

INSERT INTO public.payments (id, "orderId", amount, method, status, "transactionId", "stripePaymentId", "paypalOrderId", "venmoId", metadata, "createdAt", "updatedAt", "completedAt") VALUES ('4d214c76-d6e6-4f97-abf3-5475875680ee', '19136df1-249b-4306-93bc-2b860f74d011', 12.2564, 'CREDIT_CARD', 'COMPLETED', 'pi_3SstbBEyOMeW4j5z1iqabgXI', 'pi_3SstbBEyOMeW4j5z1iqabgXI', NULL, NULL, NULL, '2026-01-23 23:17:39.971', '2026-01-23 23:17:39.971', '2026-01-23 23:17:39.971');
INSERT INTO public.payments (id, "orderId", amount, method, status, "transactionId", "stripePaymentId", "paypalOrderId", "venmoId", metadata, "createdAt", "updatedAt", "completedAt") VALUES ('5e029272-c36a-4749-92b4-656b45eb7c03', '55de97ab-fb3d-4cf2-88d2-c9e7e7b2a9cd', 13.8872, 'CREDIT_CARD', 'COMPLETED', 'pi_3SstyFEyOMeW4j5z13Oi1QZm', 'pi_3SstyFEyOMeW4j5z13Oi1QZm', NULL, NULL, NULL, '2026-01-23 23:41:40.904', '2026-01-23 23:41:40.904', '2026-01-23 23:41:40.903');
INSERT INTO public.payments (id, "orderId", amount, method, status, "transactionId", "stripePaymentId", "paypalOrderId", "venmoId", metadata, "createdAt", "updatedAt", "completedAt") VALUES ('fb4ee0a9-3b53-4849-bc87-3d1de4b04710', '459ae8a4-83c5-4383-a212-5b4c185af3e6', 7.4936, 'CREDIT_CARD', 'COMPLETED', 'pi_3Ssu2sEyOMeW4j5z1Kkgwa3T', 'pi_3Ssu2sEyOMeW4j5z1Kkgwa3T', NULL, NULL, NULL, '2026-01-23 23:46:10.891', '2026-01-23 23:46:10.891', '2026-01-23 23:46:10.891');
INSERT INTO public.payments (id, "orderId", amount, method, status, "transactionId", "stripePaymentId", "paypalOrderId", "venmoId", metadata, "createdAt", "updatedAt", "completedAt") VALUES ('189f1566-b5a5-4378-9264-f01c7a7ef53e', '00f6fa48-0170-442d-b90c-f68341cf455c', 13.9304, 'CREDIT_CARD', 'COMPLETED', 'pi_3SsuDvEyOMeW4j5z158wZDCx', 'pi_3SsuDvEyOMeW4j5z158wZDCx', NULL, NULL, NULL, '2026-01-23 23:57:30.81', '2026-01-23 23:57:30.81', '2026-01-23 23:57:30.809');
INSERT INTO public.payments (id, "orderId", amount, method, status, "transactionId", "stripePaymentId", "paypalOrderId", "venmoId", metadata, "createdAt", "updatedAt", "completedAt") VALUES ('94e5d522-26b8-4456-be2a-d50f2f749a2f', 'cc2fda68-07f9-4eae-96b6-eec269237105', 14.6864, 'CREDIT_CARD', 'COMPLETED', 'pi_3SsuKXEyOMeW4j5z0KtxxwT6', 'pi_3SsuKXEyOMeW4j5z0KtxxwT6', NULL, NULL, NULL, '2026-01-24 00:04:21.663', '2026-01-24 00:04:21.663', '2026-01-24 00:04:21.662');
INSERT INTO public.payments (id, "orderId", amount, method, status, "transactionId", "stripePaymentId", "paypalOrderId", "venmoId", metadata, "createdAt", "updatedAt", "completedAt") VALUES ('b48286e2-5e5a-4898-b3e4-52aeeb24e802', 'a29dd28f-443c-4dee-ba87-ebd578f1a41a', 20.6696, 'CREDIT_CARD', 'COMPLETED', 'pi_3SsupzEyOMeW4j5z1lK1Z16u', 'pi_3SsupzEyOMeW4j5z1lK1Z16u', NULL, NULL, NULL, '2026-01-24 00:37:15.258', '2026-01-24 00:37:15.258', '2026-01-24 00:37:15.257');
INSERT INTO public.payments (id, "orderId", amount, method, status, "transactionId", "stripePaymentId", "paypalOrderId", "venmoId", metadata, "createdAt", "updatedAt", "completedAt") VALUES ('224fa519-e309-44d1-92b9-0afac94d70f1', '08b08f6b-3225-4c22-8353-b5ef37618d9b', 15.9284, 'CREDIT_CARD', 'COMPLETED', 'pi_3SwYfOEyOMeW4j5z0vlLnxKg', 'pi_3SwYfOEyOMeW4j5z0vlLnxKg', NULL, NULL, NULL, '2026-02-03 01:45:10.236', '2026-02-03 01:45:10.236', '2026-02-03 01:45:10.235');


--
-- Data for Name: refresh_tokens; Type: TABLE DATA; Schema: public; Owner: postgres
--

INSERT INTO public.refresh_tokens (id, token, "userId", "expiresAt", "createdAt") VALUES ('eb34ecfd-3929-4969-8fbc-448f5dc83823', 'eyJhbGciOiJIUzI1NiIsInR5cCI6IkpXVCJ9.eyJzdWIiOiIyMGQ5MzUzNS0wMTk2LTRlYzAtYTBlYS0yYmI1YjRlM2I0NjIiLCJlbWFpbCI6ImdhYnJpZWxjYWJyZWphQGdtYWlsLmNvbSIsInJvbGUiOiJDTElFTlQiLCJpYXQiOjE3NjkyMDg3OTAsImV4cCI6MTc2OTgxMzU5MH0.IhmkD7xS-Azke9S3vXyvep5J0I_ooajTZL33tmkhBZg', '20d93535-0196-4ec0-a0ea-2bb5b4e3b462', '2026-01-30 22:53:10.231', '2026-01-23 22:53:10.232');
INSERT INTO public.refresh_tokens (id, token, "userId", "expiresAt", "createdAt") VALUES ('21574dbe-cf5f-46d0-b65d-b33e96d3331f', 'eyJhbGciOiJIUzI1NiIsInR5cCI6IkpXVCJ9.eyJzdWIiOiIyMGQ5MzUzNS0wMTk2LTRlYzAtYTBlYS0yYmI1YjRlM2I0NjIiLCJlbWFpbCI6ImdhYnJpZWxjYWJyZWphQGdtYWlsLmNvbSIsInJvbGUiOiJDTElFTlQiLCJpYXQiOjE3NjkyMDg4MjQsImV4cCI6MTc2OTgxMzYyNH0.rxITHp1rUh1bh5sRrnvAYcKVP4PRTtXU0cm3V5qAVZs', '20d93535-0196-4ec0-a0ea-2bb5b4e3b462', '2026-01-30 22:53:44.462', '2026-01-23 22:53:44.463');
INSERT INTO public.refresh_tokens (id, token, "userId", "expiresAt", "createdAt") VALUES ('93afd4f0-7810-4b3e-b979-302540c66813', 'eyJhbGciOiJIUzI1NiIsInR5cCI6IkpXVCJ9.eyJzdWIiOiIyMGQ5MzUzNS0wMTk2LTRlYzAtYTBlYS0yYmI1YjRlM2I0NjIiLCJlbWFpbCI6ImdhYnJpZWxjYWJyZWphQGdtYWlsLmNvbSIsInJvbGUiOiJDTElFTlQiLCJpYXQiOjE3NjkyMDk1MDYsImV4cCI6MTc2OTgxNDMwNn0.7lTg16V9SfvmJ8DGgB-6bzd79TnB_tSeo5oQ2ZEPXjM', '20d93535-0196-4ec0-a0ea-2bb5b4e3b462', '2026-01-30 23:05:06.757', '2026-01-23 23:05:06.758');
INSERT INTO public.refresh_tokens (id, token, "userId", "expiresAt", "createdAt") VALUES ('d46f160b-1c0e-40af-b148-653cf1a802be', 'eyJhbGciOiJIUzI1NiIsInR5cCI6IkpXVCJ9.eyJzdWIiOiIyMGQ5MzUzNS0wMTk2LTRlYzAtYTBlYS0yYmI1YjRlM2I0NjIiLCJlbWFpbCI6ImdhYnJpZWxjYWJyZWphQGdtYWlsLmNvbSIsInJvbGUiOiJDTElFTlQiLCJpYXQiOjE3NjkyMDk3NDEsImV4cCI6MTc2OTgxNDU0MX0.2AosDtDu6GVhqKMAU5TVQSQpk4VWEdC5SlcgTxbK_iM', '20d93535-0196-4ec0-a0ea-2bb5b4e3b462', '2026-01-30 23:09:01.507', '2026-01-23 23:09:01.508');
INSERT INTO public.refresh_tokens (id, token, "userId", "expiresAt", "createdAt") VALUES ('a24b4aa4-7ec6-4818-9015-a813c0f545a2', 'eyJhbGciOiJIUzI1NiIsInR5cCI6IkpXVCJ9.eyJzdWIiOiIyMGQ5MzUzNS0wMTk2LTRlYzAtYTBlYS0yYmI1YjRlM2I0NjIiLCJlbWFpbCI6ImdhYnJpZWxjYWJyZWphQGdtYWlsLmNvbSIsInJvbGUiOiJDTElFTlQiLCJpYXQiOjE3NjkyMTAzMjIsImV4cCI6MTc2OTgxNTEyMn0.K15-5UxWAYb2g2ahiF1qxTbzbLWlvZF9E4-gSALSXn4', '20d93535-0196-4ec0-a0ea-2bb5b4e3b462', '2026-01-30 23:18:42.976', '2026-01-23 23:18:42.977');
INSERT INTO public.refresh_tokens (id, token, "userId", "expiresAt", "createdAt") VALUES ('e0b47364-9f5c-4713-b10f-db0d510c41f2', 'eyJhbGciOiJIUzI1NiIsInR5cCI6IkpXVCJ9.eyJzdWIiOiIyMGQ5MzUzNS0wMTk2LTRlYzAtYTBlYS0yYmI1YjRlM2I0NjIiLCJlbWFpbCI6ImdhYnJpZWxjYWJyZWphQGdtYWlsLmNvbSIsInJvbGUiOiJDTElFTlQiLCJpYXQiOjE3NjkyMTE1ODQsImV4cCI6MTc2OTgxNjM4NH0.iU9BNYAaNoqMfzj_8mzyhJhEM7U5664r2mZ4jjWYunU', '20d93535-0196-4ec0-a0ea-2bb5b4e3b462', '2026-01-30 23:39:44.88', '2026-01-23 23:39:44.881');
INSERT INTO public.refresh_tokens (id, token, "userId", "expiresAt", "createdAt") VALUES ('71bc8689-8c9a-4a7a-9e61-09bf8254e21d', 'eyJhbGciOiJIUzI1NiIsInR5cCI6IkpXVCJ9.eyJzdWIiOiIyMGQ5MzUzNS0wMTk2LTRlYzAtYTBlYS0yYmI1YjRlM2I0NjIiLCJlbWFpbCI6ImdhYnJpZWxjYWJyZWphQGdtYWlsLmNvbSIsInJvbGUiOiJDTElFTlQiLCJpYXQiOjE3NjkyMTI2MDMsImV4cCI6MTc2OTgxNzQwM30.EtJD6XbyT91D0rT4zLBAL-BXHYHIKDScDz80BDCMlTc', '20d93535-0196-4ec0-a0ea-2bb5b4e3b462', '2026-01-30 23:56:43.012', '2026-01-23 23:56:43.013');
INSERT INTO public.refresh_tokens (id, token, "userId", "expiresAt", "createdAt") VALUES ('0939459b-ca5f-49c7-858f-0ac7596c59da', 'eyJhbGciOiJIUzI1NiIsInR5cCI6IkpXVCJ9.eyJzdWIiOiIyMGQ5MzUzNS0wMTk2LTRlYzAtYTBlYS0yYmI1YjRlM2I0NjIiLCJlbWFpbCI6ImdhYnJpZWxjYWJyZWphQGdtYWlsLmNvbSIsInJvbGUiOiJDTElFTlQiLCJpYXQiOjE3NjkyMjU5NzksImV4cCI6MTc2OTgzMDc3OX0.aSNH_U7n1qLndEpjX1upAIW_2Q8TO9oeRsRQdEYYvkU', '20d93535-0196-4ec0-a0ea-2bb5b4e3b462', '2026-01-31 03:39:39.74', '2026-01-24 03:39:39.74');
INSERT INTO public.refresh_tokens (id, token, "userId", "expiresAt", "createdAt") VALUES ('c375227b-15e1-43bb-87e4-594c8cc48d28', 'eyJhbGciOiJIUzI1NiIsInR5cCI6IkpXVCJ9.eyJzdWIiOiIyMGQ5MzUzNS0wMTk2LTRlYzAtYTBlYS0yYmI1YjRlM2I0NjIiLCJlbWFpbCI6ImdhYnJpZWxjYWJyZWphQGdtYWlsLmNvbSIsInJvbGUiOiJDTElFTlQiLCJpYXQiOjE3NzAwNzk3OTAsImV4cCI6MTc3MDY4NDU5MH0.LZ-hO2muQG8MLYRNnxmP5rSA0kTY6wktJJUsxj8sl8Y', '20d93535-0196-4ec0-a0ea-2bb5b4e3b462', '2026-02-10 00:49:50.622', '2026-02-03 00:49:50.624');
INSERT INTO public.refresh_tokens (id, token, "userId", "expiresAt", "createdAt") VALUES ('64aa261d-d2c0-4412-bb6b-d605fac7e873', 'eyJhbGciOiJIUzI1NiIsInR5cCI6IkpXVCJ9.eyJzdWIiOiIyMGQ5MzUzNS0wMTk2LTRlYzAtYTBlYS0yYmI1YjRlM2I0NjIiLCJlbWFpbCI6ImdhYnJpZWxjYWJyZWphQGdtYWlsLmNvbSIsInJvbGUiOiJDTElFTlQiLCJpYXQiOjE3NzAwODAwMzYsImV4cCI6MTc3MDY4NDgzNn0.IizJy1lfgXZPRKY945Ge4fxB6NUTleVS3MHYHJOIWac', '20d93535-0196-4ec0-a0ea-2bb5b4e3b462', '2026-02-10 00:53:56.572', '2026-02-03 00:53:56.572');
INSERT INTO public.refresh_tokens (id, token, "userId", "expiresAt", "createdAt") VALUES ('0fafbd30-c978-4b8d-9b28-e45aeb708296', 'eyJhbGciOiJIUzI1NiIsInR5cCI6IkpXVCJ9.eyJzdWIiOiIyMGQ5MzUzNS0wMTk2LTRlYzAtYTBlYS0yYmI1YjRlM2I0NjIiLCJlbWFpbCI6ImdhYnJpZWxjYWJyZWphQGdtYWlsLmNvbSIsInJvbGUiOiJDTElFTlQiLCJpYXQiOjE3NzAwODI3MjYsImV4cCI6MTc3MDY4NzUyNn0.Np3Cg9A0VzK46ObLhSqKrNpjTKVkte90m7h_hX_0pz8', '20d93535-0196-4ec0-a0ea-2bb5b4e3b462', '2026-02-10 01:38:46.663', '2026-02-03 01:38:46.664');
INSERT INTO public.refresh_tokens (id, token, "userId", "expiresAt", "createdAt") VALUES ('10426577-b7a5-425b-9d07-6d7b5a7e6a08', 'eyJhbGciOiJIUzI1NiIsInR5cCI6IkpXVCJ9.eyJzdWIiOiIyMGQ5MzUzNS0wMTk2LTRlYzAtYTBlYS0yYmI1YjRlM2I0NjIiLCJlbWFpbCI6ImdhYnJpZWxjYWJyZWphQGdtYWlsLmNvbSIsInJvbGUiOiJDTElFTlQiLCJpYXQiOjE3NzAwODMwMDcsImV4cCI6MTc3MDY4NzgwN30.Cjabi7aN78Ksdocr4O_5gDJ9LoZI5i1ZdJEKj5wMH8Y', '20d93535-0196-4ec0-a0ea-2bb5b4e3b462', '2026-02-10 01:43:27.114', '2026-02-03 01:43:27.115');
INSERT INTO public.refresh_tokens (id, token, "userId", "expiresAt", "createdAt") VALUES ('bd32d020-6d80-476d-b8e9-7ced65397a1d', 'eyJhbGciOiJIUzI1NiIsInR5cCI6IkpXVCJ9.eyJzdWIiOiIyMGQ5MzUzNS0wMTk2LTRlYzAtYTBlYS0yYmI1YjRlM2I0NjIiLCJlbWFpbCI6ImdhYnJpZWxjYWJyZWphQGdtYWlsLmNvbSIsInJvbGUiOiJDTElFTlQiLCJpYXQiOjE3NzA2MDgzMDcsImV4cCI6MTc3MTIxMzEwN30.Vv5wrnrSwmzo9UJybCURYPICG12-0eiUs29BBscnCUY', '20d93535-0196-4ec0-a0ea-2bb5b4e3b462', '2026-02-16 03:38:27.539', '2026-02-09 03:38:27.54');
INSERT INTO public.refresh_tokens (id, token, "userId", "expiresAt", "createdAt") VALUES ('4c1640f6-4344-4f1c-bf7f-724af18c55a4', 'eyJhbGciOiJIUzI1NiIsInR5cCI6IkpXVCJ9.eyJzdWIiOiIyMGQ5MzUzNS0wMTk2LTRlYzAtYTBlYS0yYmI1YjRlM2I0NjIiLCJlbWFpbCI6ImdhYnJpZWxjYWJyZWphQGdtYWlsLmNvbSIsInJvbGUiOiJDTElFTlQiLCJpYXQiOjE3NzA2MDkwNzksImV4cCI6MTc3MTIxMzg3OX0.IVlV3MAMQ7Q2LJwg6rBVKm4hV1MJfhuZiwvj8XJe0TQ', '20d93535-0196-4ec0-a0ea-2bb5b4e3b462', '2026-02-16 03:51:19.602', '2026-02-09 03:51:19.603');
INSERT INTO public.refresh_tokens (id, token, "userId", "expiresAt", "createdAt") VALUES ('714dfeb7-4dfa-4231-b18c-3c2ccddb6498', 'eyJhbGciOiJIUzI1NiIsInR5cCI6IkpXVCJ9.eyJzdWIiOiIyMGQ5MzUzNS0wMTk2LTRlYzAtYTBlYS0yYmI1YjRlM2I0NjIiLCJlbWFpbCI6ImdhYnJpZWxjYWJyZWphQGdtYWlsLmNvbSIsInJvbGUiOiJDTElFTlQiLCJpYXQiOjE3NzA2MDk1MTEsImV4cCI6MTc3MTIxNDMxMX0.IjQzFe3OZJJXkiRvC7ef-xzKzmwGn9UUmvHgj4LYO28', '20d93535-0196-4ec0-a0ea-2bb5b4e3b462', '2026-02-16 03:58:31.562', '2026-02-09 03:58:31.563');
INSERT INTO public.refresh_tokens (id, token, "userId", "expiresAt", "createdAt") VALUES ('13b07d68-919b-4bb8-bcb7-04b97cf02c80', 'eyJhbGciOiJIUzI1NiIsInR5cCI6IkpXVCJ9.eyJzdWIiOiIyMGQ5MzUzNS0wMTk2LTRlYzAtYTBlYS0yYmI1YjRlM2I0NjIiLCJlbWFpbCI6ImdhYnJpZWxjYWJyZWphQGdtYWlsLmNvbSIsInJvbGUiOiJDTElFTlQiLCJpYXQiOjE3NzA2MDk1ODMsImV4cCI6MTc3MTIxNDM4M30.kpjXiNbFlUAVlAELrsfq1jusJUZx0iYEneFehn4N2n8', '20d93535-0196-4ec0-a0ea-2bb5b4e3b462', '2026-02-16 03:59:43.323', '2026-02-09 03:59:43.324');
INSERT INTO public.refresh_tokens (id, token, "userId", "expiresAt", "createdAt") VALUES ('4ba7bcae-0ad5-4184-a8e3-5640213a3bf3', 'eyJhbGciOiJIUzI1NiIsInR5cCI6IkpXVCJ9.eyJzdWIiOiIyMGQ5MzUzNS0wMTk2LTRlYzAtYTBlYS0yYmI1YjRlM2I0NjIiLCJlbWFpbCI6ImdhYnJpZWxjYWJyZWphQGdtYWlsLmNvbSIsInJvbGUiOiJDTElFTlQiLCJpYXQiOjE3NzA2MDk4MDIsImV4cCI6MTc3MTIxNDYwMn0.aRmdK8C2H-wL0Bb31tKpgggT8dl7ZpzzgzuRxkWO-X0', '20d93535-0196-4ec0-a0ea-2bb5b4e3b462', '2026-02-16 04:03:22.656', '2026-02-09 04:03:22.657');
INSERT INTO public.refresh_tokens (id, token, "userId", "expiresAt", "createdAt") VALUES ('bcfdac26-3540-4ceb-a2dc-f7a0d347092c', 'eyJhbGciOiJIUzI1NiIsInR5cCI6IkpXVCJ9.eyJzdWIiOiIyMGQ5MzUzNS0wMTk2LTRlYzAtYTBlYS0yYmI1YjRlM2I0NjIiLCJlbWFpbCI6ImdhYnJpZWxjYWJyZWphQGdtYWlsLmNvbSIsInJvbGUiOiJDTElFTlQiLCJpYXQiOjE3NzA2MTQwMDksImV4cCI6MTc3MTIxODgwOX0.1Xw5z05SK80I5-PpKlh90UbMrP49AtAL2NqwxfXvas4', '20d93535-0196-4ec0-a0ea-2bb5b4e3b462', '2026-02-16 05:13:29.429', '2026-02-09 05:13:29.43');
INSERT INTO public.refresh_tokens (id, token, "userId", "expiresAt", "createdAt") VALUES ('23971f26-fd8f-4e93-a292-c305f3b16486', 'eyJhbGciOiJIUzI1NiIsInR5cCI6IkpXVCJ9.eyJzdWIiOiIyMGQ5MzUzNS0wMTk2LTRlYzAtYTBlYS0yYmI1YjRlM2I0NjIiLCJlbWFpbCI6ImdhYnJpZWxjYWJyZWphQGdtYWlsLmNvbSIsInJvbGUiOiJDTElFTlQiLCJpYXQiOjE3NzA2MTQwMjMsImV4cCI6MTc3MTIxODgyM30.2UUHDXvDUs-Fc9UBkuh00FDfWNN4zcLFuRbHRhOkGco', '20d93535-0196-4ec0-a0ea-2bb5b4e3b462', '2026-02-16 05:13:43.474', '2026-02-09 05:13:43.474');
INSERT INTO public.refresh_tokens (id, token, "userId", "expiresAt", "createdAt") VALUES ('987dabed-2405-4a38-89d7-e0ba16206aa4', 'eyJhbGciOiJIUzI1NiIsInR5cCI6IkpXVCJ9.eyJzdWIiOiIyMGQ5MzUzNS0wMTk2LTRlYzAtYTBlYS0yYmI1YjRlM2I0NjIiLCJlbWFpbCI6ImdhYnJpZWxjYWJyZWphQGdtYWlsLmNvbSIsInJvbGUiOiJDTElFTlQiLCJpYXQiOjE3NzA2MTQyMTMsImV4cCI6MTc3MTIxOTAxM30.G99VFqzrsEz1qbHGxZr9SoboWKyxrmviHzzETiV9wTc', '20d93535-0196-4ec0-a0ea-2bb5b4e3b462', '2026-02-16 05:16:53.796', '2026-02-09 05:16:53.797');
INSERT INTO public.refresh_tokens (id, token, "userId", "expiresAt", "createdAt") VALUES ('2b6d5392-65c8-49f5-b9ef-a516a9eb261b', 'eyJhbGciOiJIUzI1NiIsInR5cCI6IkpXVCJ9.eyJzdWIiOiIyMGQ5MzUzNS0wMTk2LTRlYzAtYTBlYS0yYmI1YjRlM2I0NjIiLCJlbWFpbCI6ImdhYnJpZWxjYWJyZWphQGdtYWlsLmNvbSIsInJvbGUiOiJDTElFTlQiLCJpYXQiOjE3NzA2MTQzMzksImV4cCI6MTc3MTIxOTEzOX0.pL_xKn0d1gZwtKcsk9jszMWdgKQI8ZdV3bi2RD8ir5M', '20d93535-0196-4ec0-a0ea-2bb5b4e3b462', '2026-02-16 05:18:59.804', '2026-02-09 05:18:59.805');
INSERT INTO public.refresh_tokens (id, token, "userId", "expiresAt", "createdAt") VALUES ('50539aa4-12c4-41e6-808f-925223d12651', 'eyJhbGciOiJIUzI1NiIsInR5cCI6IkpXVCJ9.eyJzdWIiOiIyMGQ5MzUzNS0wMTk2LTRlYzAtYTBlYS0yYmI1YjRlM2I0NjIiLCJlbWFpbCI6ImdhYnJpZWxjYWJyZWphQGdtYWlsLmNvbSIsInJvbGUiOiJDTElFTlQiLCJpYXQiOjE3NzA2NzkyNjIsImV4cCI6MTc3MTI4NDA2Mn0.wh2lc04bI5X6qgaOtMBVQYf2CMiuZ2a429yJiqR4vI4', '20d93535-0196-4ec0-a0ea-2bb5b4e3b462', '2026-02-16 23:21:02.924', '2026-02-09 23:21:02.925');
INSERT INTO public.refresh_tokens (id, token, "userId", "expiresAt", "createdAt") VALUES ('dbdcf32e-fd7f-4473-84a3-04139f5d4d4f', 'eyJhbGciOiJIUzI1NiIsInR5cCI6IkpXVCJ9.eyJzdWIiOiIyMGQ5MzUzNS0wMTk2LTRlYzAtYTBlYS0yYmI1YjRlM2I0NjIiLCJlbWFpbCI6ImdhYnJpZWxjYWJyZWphQGdtYWlsLmNvbSIsInJvbGUiOiJDTElFTlQiLCJpYXQiOjE3NzA2NzkyODksImV4cCI6MTc3MTI4NDA4OX0.r970Vu1W4iP-SSqSfKzoUqrlHVdYgm4kUdeE6V0aAJg', '20d93535-0196-4ec0-a0ea-2bb5b4e3b462', '2026-02-16 23:21:29.094', '2026-02-09 23:21:29.095');
INSERT INTO public.refresh_tokens (id, token, "userId", "expiresAt", "createdAt") VALUES ('c5307337-6ca8-42ed-94c2-5ac3793998fc', 'eyJhbGciOiJIUzI1NiIsInR5cCI6IkpXVCJ9.eyJzdWIiOiIyMGQ5MzUzNS0wMTk2LTRlYzAtYTBlYS0yYmI1YjRlM2I0NjIiLCJlbWFpbCI6ImdhYnJpZWxjYWJyZWphQGdtYWlsLmNvbSIsInJvbGUiOiJDTElFTlQiLCJpYXQiOjE3NzA2ODEwODgsImV4cCI6MTc3MTI4NTg4OH0.nTCoCtoE9vZClEVBzUMIiIl5NuxhaAAfRaL07niMHwY', '20d93535-0196-4ec0-a0ea-2bb5b4e3b462', '2026-02-16 23:51:28.913', '2026-02-09 23:51:28.915');
INSERT INTO public.refresh_tokens (id, token, "userId", "expiresAt", "createdAt") VALUES ('6057acf2-2ed4-486f-b4a1-470423ef1a30', 'eyJhbGciOiJIUzI1NiIsInR5cCI6IkpXVCJ9.eyJzdWIiOiIyMGQ5MzUzNS0wMTk2LTRlYzAtYTBlYS0yYmI1YjRlM2I0NjIiLCJlbWFpbCI6ImdhYnJpZWxjYWJyZWphQGdtYWlsLmNvbSIsInJvbGUiOiJDTElFTlQiLCJpYXQiOjE3NzE0NzU4NDgsImV4cCI6MTc3MjA4MDY0OH0.E9CZiMNSQrVf4XwIzvXtM7NW2nkM9xWsRTbMjMk9exg', '20d93535-0196-4ec0-a0ea-2bb5b4e3b462', '2026-02-26 04:37:28.566', '2026-02-19 04:37:28.578');


--
-- Data for Name: reviews; Type: TABLE DATA; Schema: public; Owner: postgres
--



--
-- PostgreSQL database dump complete
--

\unrestrict 4OOMunhg6jccf2AwiXvUAIAuEbhKUzKSfk9uyzTupTJALQXNJoTf1ExbPfIJOui

